School Level,Scoring Focus Area,Space Type,Category,Subcategory,QuestionID,Question,Weight
ES,Arrival Experience and Campus Support,Entry Experience,Function,Adjacency & Access,EE-001,What modes of transportation are supported by the site?,6
ES,Arrival Experience and Campus Support,Entry Experience,Function,Adjacency & Access,EE-002,Are school bus and personal vehicle drop-off/pick-up zones separated from each other?,6
ES,Arrival Experience and Campus Support,Entry Experience,Function,Adjacency & Access,EE-003,Is there a direct pathway from drop-off/pick-up zones to the main entry?,6
ES,Arrival Experience and Campus Support,Entry Experience,Function,Adjacency & Access,EE-008,Is the front door easily identifiable through design or signage?,6
ES,Arrival Experience and Campus Support,Entry Experience,Function,Aesthetics,EE-005,Select all that apply (entry area condition),6
ES,Arrival Experience and Campus Support,Entry Experience,Infrastructure,Utilities & Technology,EE-011,Select all that apply (general inventory),0
ES,Arrival Experience and Campus Support,Entry Experience,Occupant Experience,Aesthetics,EE-004,What is the condition of the parking lot?,6
ES,Arrival Experience and Campus Support,Entry Experience,Occupant Experience,Aesthetics,EE-010,Select all that apply (welcoming entry),6
ES,Arrival Experience and Campus Support,Entry Experience,Occupant Experience,Safety & Supervision,EE-006,"Is the perimeter of the campus well defined through fences, sidewalks, or other elements that indicate the clear boundary of the school grounds?",6
ES,Arrival Experience and Campus Support,Entry Experience,Occupant Experience,Safety & Supervision,EE-007,Select all that are present (exterior signage),6
ES,Arrival Experience and Campus Support,Entry Experience,Occupant Experience,Safety & Supervision,EE-009,Select all that apply (vestibule),6
ES,Arrival Experience and Campus Support,Campus,Amenities,Display & Presentation,GE-011,Select all that apply (learning on display),6
ES,Arrival Experience and Campus Support,Campus,Function,Adjacency & Access,GE-003,Do service deliveries happen away from the main entry?,6
ES,Arrival Experience and Campus Support,Campus,Function,Availability,GE-007,Select all that apply (dispersed resources),6
ES,Arrival Experience and Campus Support,Campus,Function,Availability,GE-008,Select all that apply (dispersed restrooms),6
ES,Arrival Experience and Campus Support,Campus,Function,Layout & Flexibility,GE-004,Which of the following best describes the ease of wayfinding through the school?,6
ES,Arrival Experience and Campus Support,Campus,Function,Layout & Flexibility,GE-005,Is the school divided into clearly defined neighborhoods?,6
ES,Arrival Experience and Campus Support,Campus,Function,Layout & Flexibility,GE-006,"For campuses with multiple buildings, are covered connections (canopies, breezeways, or interior connections) provided between buildings?",6
ES,Arrival Experience and Campus Support,Campus,Observational,Observational,GE-012,Do the room numbers on the campus match the plan provided?,0
ES,Arrival Experience and Campus Support,Campus,Observational,Observational,GE-013,Select all that apply (room signage details),0
ES,Arrival Experience and Campus Support,Campus,Observational,Observational,GE-014,Commons spaces are observed being utilized by students (e.g. open gathering spaces around stairs or adjacent to large group areas; where applicable).,0
ES,Arrival Experience and Campus Support,Campus,Observational,Observational,GE-015,Are there any unique situations or user adaptations you observed? Please describe.,0
ES,Arrival Experience and Campus Support,Campus,Observational,Observational,GE-016,Are there any chronic challenges you observed or were mentioned while on site? Please describe.,0
ES,Arrival Experience and Campus Support,Campus,Observational,Observational,GE-017,Is there anything that was not asked in the survey that is important to note?,0
ES,Arrival Experience and Campus Support,Campus,Observational,Observational,GE-018,What questions are you leaving the campus with?,0
ES,Arrival Experience and Campus Support,Campus,Occupant Experience,Aesthetics,GE-001,Which of the following best describes the general appearance and wear of the school?,6
ES,Arrival Experience and Campus Support,Campus,Occupant Experience,Circulation & Egress,GE-010,How many elevators are there?,6
ES,Arrival Experience and Campus Support,Campus,Occupant Experience,Safety & Supervision,GE-002,What is the quality of site lighting distribution across the campus?,6
ES,Arrival Experience and Campus Support,Kitchen,Function,Adjacency & Access,KT-004,How is the kitchen's loading area configured?,6
ES,Arrival Experience and Campus Support,Kitchen,Function,Availability,KT-001,Is this space type present at the school?,0
ES,Arrival Experience and Campus Support,Kitchen,Function,Availability,KT-002,Select all that are present (spaces checklist),6
ES,Arrival Experience and Campus Support,Kitchen,Function,Circulation & Egress,KT-003,"Does the kitchen loading area have a 42"" door and corridor to allow for easy delivery and movement of foods and equipment?",6
ES,Arrival Experience and Campus Support,Kitchen,Infrastructure,Utilities & Technology,KT-005,Select all that apply (plumbing),6
ES,Administration,Admin Offices,Amenities,Furniture & Equipment,AD-013,Select all that are present (furniture),0
ES,Administration,Admin Offices,Amenities,Furniture & Equipment,AD-014,What is the condition of the furniture?,6
ES,Administration,Admin Offices,Amenities,Furniture & Equipment,AD-018,Select all that apply (general inventory),0
ES,Administration,Admin Offices,Function,Adjacency & Access,AD-016,Select all that apply (proximity to collaboration space or group room),6
ES,Administration,Admin Offices,Function,Layout & Flexibility,AD-001,"Does the office layout support individual work and one-on-one meetings (i.e., space for a desk plus at least one guest seat)?",6
ES,Administration,Admin Offices,Infrastructure,Flooring & Surface Finishes,AD-015,What type of flooring is in the space?,0
ES,Administration,Admin Offices,Infrastructure,Utilities & Technology,AD-002,Select all that apply (lighting),6
ES,Administration,Admin Offices,Infrastructure,Utilities & Technology,AD-008,Are there any visible workarounds accommodating a lack of power outlets?,0
ES,Administration,Admin Offices,Occupant Experience,Aesthetics,AD-003,Which of the following describes the condition of the wall finishes?,6
ES,Administration,Admin Offices,Occupant Experience,Occupant Comfort,AD-004,Are there exterior windows?,6
ES,Administration,Admin Offices,Occupant Experience,Occupant Comfort,AD-005,"Is daylight accessible through another means (e.g., an interior window shared with a space that has exterior windows)?",6
ES,Administration,Admin Offices,Occupant Experience,Occupant Comfort,AD-006,Select all that apply (exterior windows),6
ES,Administration,Admin Offices,Occupant Experience,Occupant Comfort,AD-007,What window coverings are provided on exterior windows?,6
ES,Administration,Admin Offices,Occupant Experience,Occupant Comfort,AD-009,Select one (temperature control),6
ES,Administration,Admin Offices,Occupant Experience,Safety & Supervision,AD-010,"Is visibility provided into the space from adjacent interior spaces or circulation (i.e., glass exists, even if currently covered)?",6
ES,Administration,Admin Offices,Occupant Experience,Safety & Supervision,AD-011,What type of visibility is provided into the space from adjacent interior spaces?,0
ES,Administration,Admin Offices,Occupant Experience,Safety & Supervision,AD-012,Select all that apply (safety),6
ES,Administration,Admin Offices,Occupant Experience,Safety & Supervision,AD-017,Select all that apply (visibility into collaboration space or group room),6
ES,Administration,Main Admin Suite,Amenities,Display & Presentation,MA-012,"How much writable surface (e.g., markerboard) is provided, excluding glass? Include both fixed and mobile surfaces.",6
ES,Administration,Main Admin Suite,Amenities,Display & Presentation,MA-013,How much tackboard/tackwall is provided? Include both fixed and mobile surfaces.,6
ES,Administration,Main Admin Suite,Amenities,Furniture & Equipment,MA-015,Select all that are present (furniture),0
ES,Administration,Main Admin Suite,Amenities,Furniture & Equipment,MA-026,Select all that are present (workroom),6
ES,Administration,Main Admin Suite,Amenities,Furniture & Equipment,MA-040,Select all that are present (furniture),0
ES,Administration,Main Admin Suite,Amenities,Furniture & Equipment,MA-041,What is the condition of the furniture?,6
ES,Administration,Main Admin Suite,Amenities,Furniture & Equipment,MA-043,Select all that apply (general inventory),0
ES,Administration,Main Admin Suite,Amenities,Storage,MA-024,How much casework and countertop space is provided in the workroom?,6
ES,Administration,Main Admin Suite,Function,Adjacency & Access,MA-005,Select all that apply (adjacencies),6
ES,Administration,Main Admin Suite,Function,Adjacency & Access,MA-019,Which of the following best describes the location of the SRO office?,6
ES,Administration,Main Admin Suite,Function,Adjacency & Access,MA-020,"If there are two SRO offices in the school, are they dispersed in the admin area?",6
ES,Administration,Main Admin Suite,Function,Adjacency & Access,MA-023,How close is the workroom to the main admin suite?,6
ES,Administration,Main Admin Suite,Function,Availability,MA-017,Select all that are provided within or directly adjacent to the admin suite (spaces checklist),6
ES,Administration,Main Admin Suite,Function,Layout & Flexibility,MA-016,How many staff workstations are provided in the reception area?,6
ES,Administration,Main Admin Suite,Function,Layout & Flexibility,MA-027,"Does the principal's office layout support individual work and one-on-one meetings (i.e., space for a desk plus at least one guest seat)?",6
ES,Administration,Main Admin Suite,Infrastructure,Flooring & Surface Finishes,MA-022,What type of flooring is in the space?,0
ES,Administration,Main Admin Suite,Infrastructure,Flooring & Surface Finishes,MA-042,What type of flooring is in the space?,0
ES,Administration,Main Admin Suite,Infrastructure,Utilities & Technology,MA-018,Select all that apply (lighting),6
ES,Administration,Main Admin Suite,Infrastructure,Utilities & Technology,MA-029,Select all that apply (lighting),6
ES,Administration,Main Admin Suite,Infrastructure,Utilities & Technology,MA-035,Are there any visible workarounds accommodating a lack of power outlets?,0
ES,Administration,Main Admin Suite,Occupant Experience,Aesthetics,MA-004,Which of the following describes the condition of the wall finishes?,6
ES,Administration,Main Admin Suite,Occupant Experience,Aesthetics,MA-030,Which of the following describes the condition of the wall finishes?,6
ES,Administration,Main Admin Suite,Occupant Experience,Circulation & Egress,MA-028,Select all that apply (principal's office),6
ES,Administration,Main Admin Suite,Occupant Experience,Occupant Comfort,MA-006,Are there exterior windows?,6
ES,Administration,Main Admin Suite,Occupant Experience,Occupant Comfort,MA-007,"Is daylight accessible through another means (e.g., an interior window shared with a space that has exterior windows)?",6
ES,Administration,Main Admin Suite,Occupant Experience,Occupant Comfort,MA-008,Select all that apply (exterior windows),6
ES,Administration,Main Admin Suite,Occupant Experience,Occupant Comfort,MA-009,What window coverings are provided on exterior windows?,6
ES,Administration,Main Admin Suite,Occupant Experience,Occupant Comfort,MA-014,Select one (temperature control),6
ES,Administration,Main Admin Suite,Occupant Experience,Occupant Comfort,MA-031,Are there exterior windows?,6
ES,Administration,Main Admin Suite,Occupant Experience,Occupant Comfort,MA-032,"Is daylight accessible through another means (e.g., an interior window shared with a space that has exterior windows)?",6
ES,Administration,Main Admin Suite,Occupant Experience,Occupant Comfort,MA-033,Select all that apply (exterior windows),6
ES,Administration,Main Admin Suite,Occupant Experience,Occupant Comfort,MA-034,What window coverings are provided on exterior windows?,6
ES,Administration,Main Admin Suite,Occupant Experience,Occupant Comfort,MA-036,Select one (temperature control),6
ES,Administration,Main Admin Suite,Occupant Experience,Safety & Supervision,MA-001,Is there a clear sightline from the reception workstation to the secure vestibule?,6
ES,Administration,Main Admin Suite,Occupant Experience,Safety & Supervision,MA-002,Is there a clear sightline from the reception workstation to the main building entry?,6
ES,Administration,Main Admin Suite,Occupant Experience,Safety & Supervision,MA-003,Is there a clear sightline from the reception workstation to the main pedestrian approach and drop-off area outside?,6
ES,Administration,Main Admin Suite,Occupant Experience,Safety & Supervision,MA-010,"Is visibility provided into the space from adjacent interior spaces or circulation (i.e., glass exists, even if currently covered)?",6
ES,Administration,Main Admin Suite,Occupant Experience,Safety & Supervision,MA-011,What type of visibility is provided into the space from adjacent interior spaces?,0
ES,Administration,Main Admin Suite,Occupant Experience,Safety & Supervision,MA-021,Select all that apply (safety),6
ES,Administration,Main Admin Suite,Occupant Experience,Safety & Supervision,MA-037,"Is visibility provided into the space from adjacent interior spaces or circulation (i.e., glass exists, even if currently covered)?",6
ES,Administration,Main Admin Suite,Occupant Experience,Safety & Supervision,MA-038,What type of visibility is provided into the space from adjacent interior spaces?,0
ES,Administration,Main Admin Suite,Occupant Experience,Safety & Supervision,MA-039,Select all that apply (safety),6
ES,Administration,Professional Learning Center,Amenities,Display & Presentation,PL-017,"How much writable surface (e.g., markerboard) is provided in the PLC, excluding glass? Include both fixed and mobile writable surfaces in your count.",6
ES,Administration,Professional Learning Center,Amenities,Furniture & Equipment,PL-008,How many workstations are provided for staff?,6
ES,Administration,Professional Learning Center,Amenities,Furniture & Equipment,PL-023,Select all that are present (furniture),0
ES,Administration,Professional Learning Center,Amenities,Furniture & Equipment,PL-024,How easily can the furniture be rearranged?,6
ES,Administration,Professional Learning Center,Amenities,Furniture & Equipment,PL-025,What is the condition of the furniture?,6
ES,Administration,Professional Learning Center,Amenities,Storage,PL-010,How much casework is provided in the space?,6
ES,Administration,Professional Learning Center,Amenities,Storage,PL-011,How much countertop is provided in the space?,6
ES,Administration,Professional Learning Center,Amenities,Storage,PL-014,What lockable personal storage is provided for staff using the space?,6
ES,Administration,Professional Learning Center,Amenities,Storage,PL-015,How sufficient does the storage appear for the space's program needs?,6
ES,Administration,Professional Learning Center,Amenities,Storage,PL-016,"How much writable surface (e.g., markerboard) is provided in the PLC meeting room, excluding glass? Include both fixed and mobile writable surfaces in your count.",6
ES,Administration,Professional Learning Center,Function,Adjacency & Access,PL-004,Where is the small meeting room for phone calls and one-on-one meetings located relative to the PLC?,6
ES,Administration,Professional Learning Center,Function,Layout & Flexibility,PL-001,Does the room shape allow for flexible configuration for group work?,6
ES,Administration,Professional Learning Center,Infrastructure,Flooring & Surface Finishes,PL-026,What type of flooring is in the space?,0
ES,Administration,Professional Learning Center,Infrastructure,Utilities & Technology,PL-002,Select all that apply (lighting),6
ES,Administration,Professional Learning Center,Infrastructure,Utilities & Technology,PL-018,"How many general-use outlets are provided? (count each wall plate as one, regardless of the number of plugs.)",6
ES,Administration,Professional Learning Center,Infrastructure,Utilities & Technology,PL-027,Select all that apply (general inventory),6
ES,Administration,Professional Learning Center,Observational,Observational,PL-028,To what extent does the space support collaborative professional learning? (check all that apply),0
ES,Administration,Professional Learning Center,Occupant Experience,Aesthetics,PL-003,Which of the following describes the condition of the wall finishes?,6
ES,Administration,Professional Learning Center,Occupant Experience,Occupant Comfort,PL-005,Are there exterior windows?,6
ES,Administration,Professional Learning Center,Occupant Experience,Occupant Comfort,PL-006,"Is daylight accessible through another means (e.g., an interior window shared with a space that has exterior windows)?",6
ES,Administration,Professional Learning Center,Occupant Experience,Occupant Comfort,PL-007,Select all that apply (exterior windows),6
ES,Administration,Professional Learning Center,Occupant Experience,Occupant Comfort,PL-009,What window coverings are provided on exterior windows?,6
ES,Administration,Professional Learning Center,Occupant Experience,Occupant Comfort,PL-019,Select one (temperature control),6
ES,Administration,Professional Learning Center,Occupant Experience,Safety & Supervision,PL-020,"Is visibility provided into the space from adjacent interior spaces or circulation (i.e., glass exists, even if currently covered)?",6
ES,Administration,Professional Learning Center,Occupant Experience,Safety & Supervision,PL-021,What type of visibility is provided into the space from adjacent interior spaces?,0
ES,Administration,Professional Learning Center,Occupant Experience,Safety & Supervision,PL-022,Select all that apply (safety),6
ES,Wrap Around Services,Community Partners Suite,Amenities,Furniture & Equipment,CP-009,What is the condition of the furniture?,6
ES,Wrap Around Services,Community Partners Suite,Amenities,Furniture & Equipment,CP-012,Select all that are present (furniture),6
ES,Wrap Around Services,Community Partners Suite,Function,Adjacency & Access,CP-002,Select all that apply (access and security),6
ES,Wrap Around Services,Community Partners Suite,Function,Availability,CP-001,Is this space type present at the school?,0
ES,Wrap Around Services,Community Partners Suite,Infrastructure,Flooring & Surface Finishes,CP-010,What type of flooring is in the space?,0
ES,Wrap Around Services,Community Partners Suite,Infrastructure,Utilities & Technology,CP-011,Select all that apply (general inventory),0
ES,Wrap Around Services,Community Partners Suite,Occupant Experience,Occupant Comfort,CP-004,Select all that apply (acoustic features in the community room),0
ES,Wrap Around Services,Community Partners Suite,Occupant Experience,Occupant Comfort,CP-005,Does the community room have exterior windows?,6
ES,Wrap Around Services,Community Partners Suite,Occupant Experience,Occupant Comfort,CP-006,Select all that apply (exterior windows in the community room),6
ES,Wrap Around Services,Community Partners Suite,Occupant Experience,Occupant Comfort,CP-007,Select one (temperature control),6
ES,Wrap Around Services,Community Partners Suite,Occupant Experience,Safety & Supervision,CP-003,What visual connection does the suite have with the main reception area?,6
ES,Wrap Around Services,Mental Wellness and Counseling Suite,Amenities,Display & Presentation,MW-016,"How much writable surface (e.g., markerboard) is provided in the Counselor Office, excluding glass? Include both fixed and mobile writable surfaces in your count.",6
ES,Wrap Around Services,Mental Wellness and Counseling Suite,Amenities,Display & Presentation,MW-017,How much tackboard/tackwall is provided in the Counselor Office? Include both fixed and mobile surfaces.,6
ES,Wrap Around Services,Mental Wellness and Counseling Suite,Amenities,Display & Presentation,MW-025,"How much writable surface (e.g., markerboard) is provided in Core Counseling, excluding glass? Include both fixed and mobile writable surfaces in your count.",6
ES,Wrap Around Services,Mental Wellness and Counseling Suite,Amenities,Display & Presentation,MW-026,How much tackboard/tackwall is provided in Core Counseling? Include both fixed and mobile surfaces.,6
ES,Wrap Around Services,Mental Wellness and Counseling Suite,Amenities,Display & Presentation,MW-038,"How much writable surface (e.g., markerboard) is provided in the Wellness Room, excluding glass? Include both fixed and mobile writable surfaces in your count.",6
ES,Wrap Around Services,Mental Wellness and Counseling Suite,Amenities,Display & Presentation,MW-039,How much tackboard/tackwall is provided in the Wellness Room? Include both fixed and mobile surfaces.,6
ES,Wrap Around Services,Mental Wellness and Counseling Suite,Amenities,Furniture & Equipment,MW-022,"Is flexible, comfortable, and/or informal furniture provided in Core Counseling?",6
ES,Wrap Around Services,Mental Wellness and Counseling Suite,Amenities,Furniture & Equipment,MW-037,"Is flexible, comfortable, and/or informal furniture provided in the Wellness Room?",6
ES,Wrap Around Services,Mental Wellness and Counseling Suite,Amenities,Storage,MW-006,How is lockable storage provided for confidential files and personal belongings?,6
ES,Wrap Around Services,Mental Wellness and Counseling Suite,Amenities,Storage,MW-023,How much casework is provided in the Core Counseling space?,6
ES,Wrap Around Services,Mental Wellness and Counseling Suite,Amenities,Storage,MW-024,How much countertop is provided in the Core Counseling space?,6
ES,Wrap Around Services,Mental Wellness and Counseling Suite,Function,Adjacency & Access,MW-003,"Is the suite easily accessible to students from the main circulation areas of the building, so as to destigmatize and normalize its use?",6
ES,Wrap Around Services,Mental Wellness and Counseling Suite,Function,Adjacency & Access,MW-004,Is an all-user restroom in close proximity to the suite for shared lavatory access?,6
ES,Wrap Around Services,Mental Wellness and Counseling Suite,Function,Availability,MW-001,Is this space type present at the school?,0
ES,Wrap Around Services,Mental Wellness and Counseling Suite,Function,Availability,MW-010,Is there a Professional School Counselor Office?,6
ES,Wrap Around Services,Mental Wellness and Counseling Suite,Function,Availability,MW-011,How many Professional School Counselor offices are provided?,6
ES,Wrap Around Services,Mental Wellness and Counseling Suite,Function,Availability,MW-018,Is there a Core Counseling space?,6
ES,Wrap Around Services,Mental Wellness and Counseling Suite,Function,Availability,MW-032,"Is there a Wellness Room (i.e., brain lab)?",6
ES,Wrap Around Services,Mental Wellness and Counseling Suite,Function,Availability,MW-040,Is there a Licensed Mental Health Professional (LMHP) Office?,6
ES,Wrap Around Services,Mental Wellness and Counseling Suite,Function,Layout & Flexibility,MW-002,How are the mental wellness and counseling spaces laid out?,6
ES,Wrap Around Services,Mental Wellness and Counseling Suite,Infrastructure,Utilities & Technology,MW-005,Are there any visible workarounds accommodating a lack of power outlets?,6
ES,Wrap Around Services,Mental Wellness and Counseling Suite,Infrastructure,Utilities & Technology,MW-007,Select one (temperature control),6
ES,Wrap Around Services,Mental Wellness and Counseling Suite,Observational,Observational,MW-009,Can the environment support student wellness and support services? (check all that apply),0
ES,Wrap Around Services,Mental Wellness and Counseling Suite,Observational,Observational,MW-045,Select all that apply (Education Efficiency),0
ES,Wrap Around Services,Mental Wellness and Counseling Suite,Occupant Experience,Occupant Comfort,MW-014,"Does the Counselor Office have user-controlled visual privacy on interior glass (e.g., roller shades or curtains)?",6
ES,Wrap Around Services,Mental Wellness and Counseling Suite,Occupant Experience,Occupant Comfort,MW-015,Does the Counselor Office have a dimmable light fixture?,6
ES,Wrap Around Services,Mental Wellness and Counseling Suite,Occupant Experience,Occupant Comfort,MW-019,"Does Core Counseling have user-controlled visual privacy on interior glass (e.g., roller shades or curtains)?",6
ES,Wrap Around Services,Mental Wellness and Counseling Suite,Occupant Experience,Occupant Comfort,MW-020,Does Core Counseling have a dimmable light fixture?,6
ES,Wrap Around Services,Mental Wellness and Counseling Suite,Occupant Experience,Occupant Comfort,MW-021,Select all that apply (acoustic features - Core Counseling),6
ES,Wrap Around Services,Mental Wellness and Counseling Suite,Occupant Experience,Occupant Comfort,MW-034,"Does the Wellness Room have user-controlled visual privacy on interior glass (e.g., roller shades or curtains)?",6
ES,Wrap Around Services,Mental Wellness and Counseling Suite,Occupant Experience,Occupant Comfort,MW-035,Does the Wellness Room have a dimmable light fixture?,6
ES,Wrap Around Services,Mental Wellness and Counseling Suite,Occupant Experience,Occupant Comfort,MW-036,Select all that apply (wellness room acoustic features),6
ES,Wrap Around Services,Mental Wellness and Counseling Suite,Occupant Experience,Occupant Comfort,MW-041,"Does the LMHP Office have user-controlled visual privacy on interior glass (e.g., roller shades or curtains)?",6
ES,Wrap Around Services,Mental Wellness and Counseling Suite,Occupant Experience,Safety & Supervision,MW-033,Is passive supervision into the Wellness Room provided via sightline from either the Counselor Offices or Reception?,6
ES,Studios,Early childhood studio,Amenities,Display & Presentation,PK-010,"How much writable surface (e.g., markerboard) is provided, excluding glass? Include both fixed and mobile writable surfaces in your count.",6
ES,Studios,Early childhood studio,Amenities,Display & Presentation,PK-011,Which built-in systems for displaying student work are provided?,0
ES,Studios,Early childhood studio,Amenities,Display & Presentation,PK-012,How much tackboard/tackwall/tackstrip is provided? Include both fixed and mobile surfaces.,6
ES,Studios,Early childhood studio,Amenities,Furniture & Equipment,PK-023,Select all that are present (furniture),0
ES,Studios,Early childhood studio,Amenities,Furniture & Equipment,PK-024,How easily can the furniture be rearranged?,6
ES,Studios,Early childhood studio,Amenities,Furniture & Equipment,PK-025,"How varied are the seating options for students (i.e., are multiple seating types available)?",6
ES,Studios,Early childhood studio,Amenities,Furniture & Equipment,PK-026,What is the condition of the furniture?,6
ES,Studios,Early childhood studio,Amenities,Furniture & Equipment,PK-034,Select all that apply (general inventory),0
ES,Studios,Early childhood studio,Amenities,Storage,PK-013,How much casework is provided in the space?,6
ES,Studios,Early childhood studio,Amenities,Storage,PK-014,How much countertop is provided in the space?,6
ES,Studios,Early childhood studio,Amenities,Storage,PK-015,Select all that apply (storage),0
ES,Studios,Early childhood studio,Amenities,Storage,PK-016,How sufficient does the storage appear for the space's program needs?,6
ES,Studios,Early childhood studio,Amenities,Storage,PK-017,"Is there sufficient storage for sleeping mats, either within casework or mobile storage?",6
ES,Studios,Early childhood studio,Function,Adjacency & Access,PK-029,What access does the space have to a collaboration space?,6
ES,Studios,Early childhood studio,Function,Adjacency & Access,PK-030,What access does the space have to a small group room?,6
ES,Studios,Early childhood studio,Function,Adjacency & Access,PK-031,Select all that are present (visibility into adjacent spaces),6
ES,Studios,Early childhood studio,Function,Adjacency & Access,PK-032,What restroom access is provided for the studio?,6
ES,Studios,Early childhood studio,Function,Adjacency & Access,PK-033,"If the restroom is located within the studio, is there a secondary door between the studio and the restroom?",6
ES,Studios,Early childhood studio,Function,Availability,PK-001,Is this space type present at the school?,0
ES,Studios,Early childhood studio,Function,Layout & Flexibility,PK-002,Does the room shape allow for clear sightlines within the room and flexible room configuration options?,6
ES,Studios,Early childhood studio,Function,Layout & Flexibility,PK-003,"Is there a dedicated Peace Center within the studio (i.e., a furniture-based or designed ~25 SF space)?",6
ES,Studios,Early childhood studio,Infrastructure,Flooring & Surface Finishes,PK-027,What type of flooring is in the space?,6
ES,Studios,Early childhood studio,Infrastructure,Flooring & Surface Finishes,PK-028,Are there zoned floor finishes to accommodate wet art activities?,0
ES,Studios,Early childhood studio,Infrastructure,Utilities & Technology,PK-004,Select all that apply (lighting),6
ES,Studios,Early childhood studio,Infrastructure,Utilities & Technology,PK-018,Are there any visible workarounds accommodating a lack of power outlets?,6
ES,Studios,Early childhood studio,Observational,Observational,PK-035,Can the environment support developmentally appropriate learning? (check all that apply),0
ES,Studios,Early childhood studio,Occupant Experience,Aesthetics,PK-005,Which of the following describes the condition of the wall finishes?,6
ES,Studios,Early childhood studio,Occupant Experience,Occupant Comfort,PK-006,Are there exterior windows?,6
ES,Studios,Early childhood studio,Occupant Experience,Occupant Comfort,PK-007,"Is daylight accessible through another means (e.g., an interior window shared with a space that has exterior windows)?",6
ES,Studios,Early childhood studio,Occupant Experience,Occupant Comfort,PK-008,Select all that apply (exterior windows),6
ES,Studios,Early childhood studio,Occupant Experience,Occupant Comfort,PK-009,What window coverings are provided on exterior windows?,6
ES,Studios,Early childhood studio,Occupant Experience,Occupant Comfort,PK-019,Select one (temperature control),6
ES,Studios,Early childhood studio,Occupant Experience,Safety & Supervision,PK-020,What type of visibility is provided into the space from adjacent interior spaces or circulation?,0
ES,Studios,Early childhood studio,Occupant Experience,Safety & Supervision,PK-021,How much of the wall facing the adjacent interior space or circulation is made up of interior window?,0
ES,Studios,Early childhood studio,Occupant Experience,Safety & Supervision,PK-022,Select all that apply (safety),6
ES,Studios,Traditional Studio,Amenities,Display & Presentation,ST-010,"How much writable surface (e.g., markerboard) is provided, excluding glass? Include both fixed and mobile writable surfaces in your count.",6
ES,Studios,Traditional Studio,Amenities,Display & Presentation,ST-012,Which built-in systems for displaying student work are provided?,0
ES,Studios,Traditional Studio,Amenities,Display & Presentation,ST-013,How much tackboard/tackwall/tackstrip is provided? Include both fixed and mobile surfaces.,6
ES,Studios,Traditional Studio,Amenities,Furniture & Equipment,ST-023,Select all that are present (furniture),0
ES,Studios,Traditional Studio,Amenities,Furniture & Equipment,ST-024,How easily can the furniture be rearranged?,6
ES,Studios,Traditional Studio,Amenities,Furniture & Equipment,ST-025,"How varied are the seating options for students (i.e., are multiple seating types available)?",6
ES,Studios,Traditional Studio,Amenities,Furniture & Equipment,ST-026,What is the condition of the furniture?,6
ES,Studios,Traditional Studio,Amenities,Furniture & Equipment,ST-032,Select all that are present (general inventory),0
ES,Studios,Traditional Studio,Amenities,Storage,ST-014,How much casework is provided in the space?,6
ES,Studios,Traditional Studio,Amenities,Storage,ST-015,How much countertop is provided in the space?,6
ES,Studios,Traditional Studio,Amenities,Storage,ST-016,Select all that apply (storage),0
ES,Studios,Traditional Studio,Amenities,Storage,ST-017,How sufficient does the storage appear for the space's program needs?,6
ES,Studios,Traditional Studio,Function,Adjacency & Access,ST-028,What access does the space have to a collaboration space?,6
ES,Studios,Traditional Studio,Function,Adjacency & Access,ST-029,What access does the space have to a small group room?,6
ES,Studios,Traditional Studio,Function,Adjacency & Access,ST-030,Select all that are present (visibility into adjacent spaces),6
ES,Studios,Traditional Studio,Function,Adjacency & Access,ST-031,What access does the space have to the exterior?,6
ES,Studios,Traditional Studio,Function,Availability,ST-001,Is this space type present at the school?,0
ES,Studios,Traditional Studio,Function,Layout & Flexibility,ST-002,Does the room shape allow for clear sightlines within the room and flexible room configuration options?,6
ES,Studios,Traditional Studio,Function,Layout & Flexibility,ST-003,"Is there a dedicated Peace Center within the studio (i.e., a furniture-based or designed ~25 SF space)?",6
ES,Studios,Traditional Studio,Infrastructure,Flooring & Surface Finishes,ST-027,What type of flooring is in the space?,6
ES,Studios,Traditional Studio,Infrastructure,Utilities & Technology,ST-004,Select all that apply (lighting),6
ES,Studios,Traditional Studio,Infrastructure,Utilities & Technology,ST-018,Are there any visible workarounds accommodating a lack of power outlets?,6
ES,Studios,Traditional Studio,Observational,Observational,ST-033,"Does the studio support whole-group instruction, small-group learning and independent learning? (check all that apply)",0
ES,Studios,Traditional Studio,Observational,Observational,ST-034,Select all that apply (Education Efficiency),0
ES,Studios,Traditional Studio,Occupant Experience,Aesthetics,ST-005,Which of the following describes the condition of the wall finishes?,6
ES,Studios,Traditional Studio,Occupant Experience,Occupant Comfort,ST-006,Are there exterior windows?,6
ES,Studios,Traditional Studio,Occupant Experience,Occupant Comfort,ST-007,"Is daylight accessible through another means (e.g., an interior window shared with a space that has exterior windows)?",6
ES,Studios,Traditional Studio,Occupant Experience,Occupant Comfort,ST-008,Select all that apply (exterior windows),6
ES,Studios,Traditional Studio,Occupant Experience,Occupant Comfort,ST-009,What window coverings are provided on exterior windows?,6
ES,Studios,Traditional Studio,Occupant Experience,Occupant Comfort,ST-019,Select one (temperature control),6
ES,Studios,Traditional Studio,Occupant Experience,Safety & Supervision,ST-020,What type of visibility is provided into the space from adjacent interior spaces or circulation?,6
ES,Studios,Traditional Studio,Occupant Experience,Safety & Supervision,ST-021,How much of the wall facing the adjacent interior space or circulation is made up of interior window?,0
ES,Studios,Traditional Studio,Occupant Experience,Safety & Supervision,ST-022,Select all that apply (safety),6
ES,Shared Studios,Art Studio,Amenities,Display & Presentation,EA-014,"How much writable surface (e.g., markerboard) is provided, excluding glass? Include both fixed and mobile writable surfaces in your count.",6
ES,Shared Studios,Art Studio,Amenities,Display & Presentation,EA-015,Which built-in systems for displaying student work are provided?,0
ES,Shared Studios,Art Studio,Amenities,Display & Presentation,EA-016,How much tackboard/tackwall/tackstrip is provided? Include both fixed and mobile surfaces.,6
ES,Shared Studios,Art Studio,Amenities,Display & Presentation,EA-017,How much display case is provided? Include both fixed and mobile surfaces.,6
ES,Shared Studios,Art Studio,Amenities,Furniture & Equipment,EA-023,How easily can the furniture be rearranged?,6
ES,Shared Studios,Art Studio,Amenities,Furniture & Equipment,EA-024,"How varied are the seating options for students (i.e., seating beyond standard hard chairs, such as soft or active seating)?",6
ES,Shared Studios,Art Studio,Amenities,Furniture & Equipment,EA-025,Select all that are present (furniture),0
ES,Shared Studios,Art Studio,Amenities,Furniture & Equipment,EA-026,What is the condition of the furniture?,6
ES,Shared Studios,Art Studio,Amenities,Storage,EA-010,Select all that apply (storage),0
ES,Shared Studios,Art Studio,Amenities,Storage,EA-011,How sufficient does the storage appear for the space's program needs?,6
ES,Shared Studios,Art Studio,Function,Adjacency & Access,EA-004,Select all that are present (spaces checklist),6
ES,Shared Studios,Art Studio,Function,Adjacency & Access,EA-028,What access does the space have to the exterior?,6
ES,Shared Studios,Art Studio,Function,Adjacency & Access,EA-029,Does the exterior door provide access to an art patio or outdoor work area?,6
ES,Shared Studios,Art Studio,Function,Adjacency & Access,EA-031,Is the all-learner restroom directly accessible from the Art Studio?,6
ES,Shared Studios,Art Studio,Function,Availability,EA-001,Is this space type present at the school?,0
ES,Shared Studios,Art Studio,Function,Layout & Flexibility,EA-002,Does the room shape allow for clear sightlines within the room and flexible room configuration options?,6
ES,Shared Studios,Art Studio,Infrastructure,Flooring & Surface Finishes,EA-012,How much built-in casework is provided?,6
ES,Shared Studios,Art Studio,Infrastructure,Flooring & Surface Finishes,EA-013,How much countertop is provided? Include both fixed and mobile surfaces in your count.,6
ES,Shared Studios,Art Studio,Infrastructure,Flooring & Surface Finishes,EA-027,What type of flooring is in the space?,6
ES,Shared Studios,Art Studio,Infrastructure,Utilities & Technology,EA-003,Select all that apply (lighting),6
ES,Shared Studios,Art Studio,Infrastructure,Utilities & Technology,EA-018,Are there any visible workarounds accommodating a lack of power outlets?,6
ES,Shared Studios,Art Studio,Infrastructure,Utilities & Technology,EA-030,Select all that apply (plumbing),0
ES,Shared Studios,Art Studio,Observational,Observational,EA-032,"Can the visual arts environment support creation, critique, display, and portfolio development? (Check all that apply)",0
ES,Shared Studios,Art Studio,Occupant Experience,Aesthetics,EA-005,Which of the following describes the condition of the wall finishes?,6
ES,Shared Studios,Art Studio,Occupant Experience,Occupant Comfort,EA-006,Are there exterior windows?,6
ES,Shared Studios,Art Studio,Occupant Experience,Occupant Comfort,EA-007,"Is daylight accessible through another means (e.g., an interior window shared with a space that has exterior windows)?",6
ES,Shared Studios,Art Studio,Occupant Experience,Occupant Comfort,EA-008,Select all that apply (exterior windows),6
ES,Shared Studios,Art Studio,Occupant Experience,Occupant Comfort,EA-009,What window coverings are provided on exterior windows?,6
ES,Shared Studios,Art Studio,Occupant Experience,Occupant Comfort,EA-019,Select one (temperature control),6
ES,Shared Studios,Art Studio,Occupant Experience,Safety & Supervision,EA-020,What type of visibility is provided into the space from adjacent interior spaces or circulation?,6
ES,Shared Studios,Art Studio,Occupant Experience,Safety & Supervision,EA-021,How much of the wall facing the adjacent interior space or circulation is made up of interior window?,0
ES,Shared Studios,Art Studio,Occupant Experience,Safety & Supervision,EA-022,Select all that apply (safety),6
ES,Shared Studios,Maker Space,Amenities,Display & Presentation,MS-010,"How much writable surface (e.g., markerboard) is provided, excluding glass? Include both fixed and mobile writable surfaces.",6
ES,Shared Studios,Maker Space,Amenities,Display & Presentation,MS-012,Which built-in systems for displaying student work are provided?,0
ES,Shared Studios,Maker Space,Amenities,Display & Presentation,MS-013,How much tackboard/tackwall/tackstrip is provided? Include both fixed and mobile surfaces.,6
ES,Shared Studios,Maker Space,Amenities,Furniture & Equipment,MS-024,Select all that are present (furniture),0
ES,Shared Studios,Maker Space,Amenities,Furniture & Equipment,MS-025,How easily can the furniture be rearranged?,6
ES,Shared Studios,Maker Space,Amenities,Furniture & Equipment,MS-026,What is the condition of the furniture?,6
ES,Shared Studios,Maker Space,Amenities,Storage,MS-014,How much casework is provided in the space?,6
ES,Shared Studios,Maker Space,Amenities,Storage,MS-015,How much countertop is provided in the space?,6
ES,Shared Studios,Maker Space,Amenities,Storage,MS-017,Select all that apply (storage),6
ES,Shared Studios,Maker Space,Amenities,Storage,MS-018,How sufficient does the storage appear for the space's program needs?,6
ES,Shared Studios,Maker Space,Function,Adjacency & Access,MS-028,What access does the space have to a collaboration space?,6
ES,Shared Studios,Maker Space,Function,Adjacency & Access,MS-029,What access does the space have to the exterior?,0
ES,Shared Studios,Maker Space,Function,Adjacency & Access,MS-032,What access does the space have to the exterior?,0
ES,Shared Studios,Maker Space,Function,Availability,MS-001,Is this space type present at the school?,0
ES,Shared Studios,Maker Space,Function,Layout & Flexibility,MS-003,Does the room shape allow for clear sightlines within the room and flexible room configuration options?,6
ES,Shared Studios,Maker Space,Infrastructure,Flooring & Surface Finishes,MS-027,What type of flooring is in the space?,6
ES,Shared Studios,Maker Space,Infrastructure,Utilities & Technology,MS-004,Select all that apply (lighting),6
ES,Shared Studios,Maker Space,Infrastructure,Utilities & Technology,MS-019,Are there any visible workarounds accommodating a lack of power outlets?,6
ES,Shared Studios,Maker Space,Infrastructure,Utilities & Technology,MS-031,Select all that apply (plumbing fixtures),6
ES,Shared Studios,Maker Space,Infrastructure,Utilities & Technology,MS-033,Select all that apply (general inventory),0
ES,Shared Studios,Maker Space,Observational,Observational,MS-034,"Can the environment support creative problem-solving, innovation, and project-based learning? (Check all that apply)",0
ES,Shared Studios,Maker Space,Observational,Observational,MS-035,Makerspaces are observed being used for hands-on learning.,0
ES,Shared Studios,Maker Space,Occupant Experience,Aesthetics,MS-005,Which of the following describes the condition of the wall finishes?,6
ES,Shared Studios,Maker Space,Occupant Experience,Occupant Comfort,MS-006,Are there exterior windows?,6
ES,Shared Studios,Maker Space,Occupant Experience,Occupant Comfort,MS-007,"Is daylight accessible through another means (e.g., an interior window shared with a space that has exterior windows)?",6
ES,Shared Studios,Maker Space,Occupant Experience,Occupant Comfort,MS-008,Select all that apply (exterior windows),6
ES,Shared Studios,Maker Space,Occupant Experience,Occupant Comfort,MS-009,What window coverings are provided on exterior windows?,6
ES,Shared Studios,Maker Space,Occupant Experience,Occupant Comfort,MS-020,Select one (temperature control),6
ES,Shared Studios,Maker Space,Occupant Experience,Safety & Supervision,MS-021,What type of visibility is provided into the space from adjacent interior spaces or circulation?,0
ES,Shared Studios,Maker Space,Occupant Experience,Safety & Supervision,MS-022,How much of the wall facing the adjacent interior space or circulation is made up of interior window?,0
ES,Shared Studios,Maker Space,Occupant Experience,Safety & Supervision,MS-023,Select all that apply (safety),6
ES,Shared Studios,Music Studio,Amenities,Display & Presentation,MU-014,"How much writable surface (e.g., markerboard) is provided, excluding glass? Include both fixed and mobile writable surfaces in your count.",6
ES,Shared Studios,Music Studio,Amenities,Display & Presentation,MU-015,Which built-in systems for displaying student work are provided?,0
ES,Shared Studios,Music Studio,Amenities,Display & Presentation,MU-016,How much tackboard/tackwall/tackstrip is provided? Include both fixed and mobile surfaces.,6
ES,Shared Studios,Music Studio,Amenities,Display & Presentation,MU-017,How much display case is provided?,6
ES,Shared Studios,Music Studio,Amenities,Furniture & Equipment,MU-025,What is the condition of the furniture?,6
ES,Shared Studios,Music Studio,Amenities,Furniture & Equipment,MU-026,Select all that are present (pianos),6
ES,Shared Studios,Music Studio,Amenities,Storage,MU-010,Select all that apply (storage),0
ES,Shared Studios,Music Studio,Amenities,Storage,MU-011,How sufficient does the storage appear for the space's program needs?,6
ES,Shared Studios,Music Studio,Amenities,Storage,MU-012,How much casework is provided in the space?,6
ES,Shared Studios,Music Studio,Amenities,Storage,MU-013,How much countertop is provided in the space?,6
ES,Shared Studios,Music Studio,Function,Availability,MU-001,Is this space type present at the school?,0
ES,Shared Studios,Music Studio,Function,Availability,MU-002,What access does the space have to a small group room?,6
ES,Shared Studios,Music Studio,Function,Availability,MU-027,Is protected instrument storage provided?,6
ES,Shared Studios,Music Studio,Function,Layout & Flexibility,MU-003,Does the room shape allow for clear sightlines within the room and flexible room configuration options?,6
ES,Shared Studios,Music Studio,Infrastructure,Flooring & Surface Finishes,MU-028,What type of flooring is in the space?,6
ES,Shared Studios,Music Studio,Infrastructure,Utilities & Technology,MU-004,Select all that apply (lighting),6
ES,Shared Studios,Music Studio,Infrastructure,Utilities & Technology,MU-020,Are there any visible workarounds accommodating a lack of power outlets?,6
ES,Shared Studios,Music Studio,Infrastructure,Utilities & Technology,MU-029,Select all that are present (water),0
ES,Shared Studios,Music Studio,Observational,Observational,MU-030,Can the music environment support active music-making and diverse instructional approaches? (Check all that apply),0
ES,Shared Studios,Music Studio,Occupant Experience,Aesthetics,MU-005,Which of the following describes the condition of the wall finishes?,6
ES,Shared Studios,Music Studio,Occupant Experience,Occupant Comfort,MU-006,Are there exterior windows?,6
ES,Shared Studios,Music Studio,Occupant Experience,Occupant Comfort,MU-007,"Is daylight accessible through another means (e.g., an interior window shared with a space that has exterior windows)?",6
ES,Shared Studios,Music Studio,Occupant Experience,Occupant Comfort,MU-008,Select all that apply (exterior windows),6
ES,Shared Studios,Music Studio,Occupant Experience,Occupant Comfort,MU-009,What window coverings are provided on exterior windows?,6
ES,Shared Studios,Music Studio,Occupant Experience,Occupant Comfort,MU-018,What type of acoustic treatment is in the room?,0
ES,Shared Studios,Music Studio,Occupant Experience,Occupant Comfort,MU-019,How many walls have acoustic treatment in the room?,6
ES,Shared Studios,Music Studio,Occupant Experience,Occupant Comfort,MU-023,Select one (temperature control),6
ES,Shared Studios,Music Studio,Occupant Experience,Safety & Supervision,MU-021,What type of visibility is provided into the space from adjacent interior spaces or circulation?,6
ES,Shared Studios,Music Studio,Occupant Experience,Safety & Supervision,MU-022,How much of the wall facing the adjacent interior space or circulation is made up of interior window?,0
ES,Shared Studios,Music Studio,Occupant Experience,Safety & Supervision,MU-024,Select all that apply (safety),6
ES,Special Education,Early childhood special education studio,Amenities,Display & Presentation,EC-010,"How much writable surface (e.g., markerboard) is provided, excluding glass? Include both fixed and mobile writable surfaces in your count.",6
ES,Special Education,Early childhood special education studio,Amenities,Display & Presentation,EC-011,Which built-in systems for displaying student work are provided?,0
ES,Special Education,Early childhood special education studio,Amenities,Display & Presentation,EC-012,How much tackboard/tackwall/tackstrip is provided? Include both fixed and mobile surfaces.,6
ES,Special Education,Early childhood special education studio,Amenities,Furniture & Equipment,EC-023,Select all that are present (furniture),0
ES,Special Education,Early childhood special education studio,Amenities,Furniture & Equipment,EC-024,How easily can the furniture be rearranged?,6
ES,Special Education,Early childhood special education studio,Amenities,Furniture & Equipment,EC-025,"How varied are the seating options for students (i.e., are multiple seating types available)?",6
ES,Special Education,Early childhood special education studio,Amenities,Furniture & Equipment,EC-026,What is the condition of the furniture?,6
ES,Special Education,Early childhood special education studio,Amenities,Furniture & Equipment,EC-034,Is there a changing table in the main restroom used by the class?,6
ES,Special Education,Early childhood special education studio,Amenities,Storage,EC-013,How much casework is provided in the space?,6
ES,Special Education,Early childhood special education studio,Amenities,Storage,EC-014,How much countertop is provided in the space?,6
ES,Special Education,Early childhood special education studio,Amenities,Storage,EC-015,Select all that apply (storage),0
ES,Special Education,Early childhood special education studio,Amenities,Storage,EC-016,How sufficient does the storage appear for the space's program needs?,6
ES,Special Education,Early childhood special education studio,Amenities,Storage,EC-017,"Is there sufficient storage for sleeping mats, either within casework or mobile storage?",6
ES,Special Education,Early childhood special education studio,Function,Adjacency & Access,EC-028,What access does the space have to a collaboration space?,6
ES,Special Education,Early childhood special education studio,Function,Adjacency & Access,EC-029,What access does the space have to a small group room?,6
ES,Special Education,Early childhood special education studio,Function,Adjacency & Access,EC-030,Select all that are present (visibility into adjacent spaces),6
ES,Special Education,Early childhood special education studio,Function,Adjacency & Access,EC-032,What restroom access is provided for the studio?,6
ES,Special Education,Early childhood special education studio,Function,Adjacency & Access,EC-033,"If the restroom is located within the studio, is there a secondary door between the studio and the restroom?",6
ES,Special Education,Early childhood special education studio,Function,Availability,EC-001,Is this space type present at the school?,0
ES,Special Education,Early childhood special education studio,Function,Layout & Flexibility,EC-002,Does the room shape allow for clear sightlines within the room and flexible room configuration options?,6
ES,Special Education,Early childhood special education studio,Function,Layout & Flexibility,EC-003,"Is there a dedicated Peace Center within the studio (i.e., a furniture-based or designed ~25 SF space)?",6
ES,Special Education,Early childhood special education studio,Infrastructure,Flooring & Surface Finishes,EC-027,What type of flooring is in the space?,6
ES,Special Education,Early childhood special education studio,Infrastructure,Utilities & Technology,EC-004,Select all that apply (lighting),6
ES,Special Education,Early childhood special education studio,Infrastructure,Utilities & Technology,EC-018,Are there any visible workarounds accommodating a lack of power outlets?,6
ES,Special Education,Early childhood special education studio,Infrastructure,Utilities & Technology,EC-035,Select all that apply (kitchenette),6
ES,Special Education,Early childhood special education studio,Infrastructure,Utilities & Technology,EC-036,Select all that apply (general inventory),0
ES,Special Education,Early childhood special education studio,Observational,Observational,EC-037,Can the environment support developmentally appropriate learning? (check all that apply),0
ES,Special Education,Early childhood special education studio,Occupant Experience,Aesthetics,EC-005,Which of the following describes the condition of the wall finishes?,6
ES,Special Education,Early childhood special education studio,Occupant Experience,Circulation & Egress,EC-031,"Is there a door into the space that is a minimum 42"" wide?",6
ES,Special Education,Early childhood special education studio,Occupant Experience,Occupant Comfort,EC-006,Are there exterior windows?,6
ES,Special Education,Early childhood special education studio,Occupant Experience,Occupant Comfort,EC-007,"Is daylight accessible through another means (e.g., an interior window shared with a space that has exterior windows)?",6
ES,Special Education,Early childhood special education studio,Occupant Experience,Occupant Comfort,EC-008,Select all that apply (exterior windows),6
ES,Special Education,Early childhood special education studio,Occupant Experience,Occupant Comfort,EC-009,What window coverings are provided on exterior windows?,6
ES,Special Education,Early childhood special education studio,Occupant Experience,Occupant Comfort,EC-019,Select one (temperature control),6
ES,Special Education,Early childhood special education studio,Occupant Experience,Safety & Supervision,EC-020,What type of visibility is provided into the space from adjacent interior spaces or circulation?,0
ES,Special Education,Early childhood special education studio,Occupant Experience,Safety & Supervision,EC-021,How much of the wall facing the adjacent interior space or circulation is made up of interior window?,0
ES,Special Education,Early childhood special education studio,Occupant Experience,Safety & Supervision,EC-022,Select all that apply (safety),6
ES,Special Education,Life Skills Studio,Amenities,Display & Presentation,LS-022,"How much writable surface (e.g., markerboard) is provided, excluding glass? Include both fixed and mobile surfaces.",6
ES,Special Education,Life Skills Studio,Amenities,Display & Presentation,LS-023,How much tackboard/tackwall is provided? Include both fixed and mobile surfaces.,6
ES,Special Education,Life Skills Studio,Amenities,Furniture & Equipment,LS-015,Select all that apply (fixtures and equipment),0
ES,Special Education,Life Skills Studio,Amenities,Furniture & Equipment,LS-016,Select all that are present (furniture),0
ES,Special Education,Life Skills Studio,Amenities,Furniture & Equipment,LS-017,How easily can the furniture be rearranged?,6
ES,Special Education,Life Skills Studio,Amenities,Furniture & Equipment,LS-018,"How varied are the seating options for students (i.e., seating beyond standard hard chairs, such as soft or active seating)?",6
ES,Special Education,Life Skills Studio,Amenities,Furniture & Equipment,LS-019,What is the condition of the furniture?,6
ES,Special Education,Life Skills Studio,Amenities,Storage,LS-008,Select all that apply (storage),0
ES,Special Education,Life Skills Studio,Amenities,Storage,LS-009,How sufficient does the storage appear for the space's program needs?,6
ES,Special Education,Life Skills Studio,Amenities,Storage,LS-024,How much casework is provided in the space?,6
ES,Special Education,Life Skills Studio,Amenities,Storage,LS-025,How much countertop is provided in the space?,6
ES,Special Education,Life Skills Studio,Function,Layout & Flexibility,LS-001,Does the room shape allow for clear sightlines within the room and flexible room configuration options?,6
ES,Special Education,Life Skills Studio,Infrastructure,Flooring & Surface Finishes,LS-020,What type of flooring is in the space?,0
ES,Special Education,Life Skills Studio,Infrastructure,Utilities & Technology,LS-002,Select all that apply (lighting),6
ES,Special Education,Life Skills Studio,Infrastructure,Utilities & Technology,LS-010,Are there any visible workarounds accommodating a lack of power outlets?,6
ES,Special Education,Life Skills Studio,Occupant Experience,Aesthetics,LS-003,Which of the following describes the condition of the wall finishes?,6
ES,Special Education,Life Skills Studio,Occupant Experience,Occupant Comfort,LS-004,Are there exterior windows?,6
ES,Special Education,Life Skills Studio,Occupant Experience,Occupant Comfort,LS-005,"Is daylight accessible through another means (e.g., an interior window shared with a space that has exterior windows)?",6
ES,Special Education,Life Skills Studio,Occupant Experience,Occupant Comfort,LS-006,Select all that apply (exterior windows),6
ES,Special Education,Life Skills Studio,Occupant Experience,Occupant Comfort,LS-007,What window coverings are provided on exterior windows?,6
ES,Special Education,Life Skills Studio,Occupant Experience,Occupant Comfort,LS-011,Select one (temperature control),6
ES,Special Education,Life Skills Studio,Occupant Experience,Occupant Comfort,LS-021,Select all that apply (acoustic features),6
ES,Special Education,Life Skills Studio,Occupant Experience,Safety & Supervision,LS-012,What type of visibility is provided into the space from adjacent interior spaces or circulation?,6
ES,Special Education,Life Skills Studio,Occupant Experience,Safety & Supervision,LS-013,How much of the wall facing the adjacent interior space or circulation is made up of interior window?,0
ES,Special Education,Life Skills Studio,Occupant Experience,Safety & Supervision,LS-014,Select all that apply (safety),6
ES,Special Education,Life Skills Studio,Occupant Experience,Safety & Supervision,LS-026,Is Life Skills in close proximity to a dedicated learner drop-off?,6
ES,Special Education,Life Skills Studio,Occupant Experience,Safety & Supervision,LS-027,What restroom access is provided for the Life Skills suite?,6
ES,Special Education,Life Skills Studio,Occupant Experience,Safety & Supervision,LS-028,Does the restroom appear to be ADA-compliant?,6
ES,Special Education,Life Skills Studio,Occupant Experience,Safety & Supervision,LS-029,Select all that are present (restroom),6
ES,Special Education,Sensory Motor Lab,Amenities,Furniture & Equipment,SN-015,Select all that apply (equipment),0
ES,Special Education,Sensory Motor Lab,Amenities,Storage,SN-008,Select all that apply (storage),0
ES,Special Education,Sensory Motor Lab,Amenities,Storage,SN-009,How sufficient does the storage appear for the space's program needs?,6
ES,Special Education,Sensory Motor Lab,Function,Layout & Flexibility,SN-001,Does the room shape allow for clear sightlines within the room and flexible room configuration options?,6
ES,Special Education,Sensory Motor Lab,Function,Layout & Flexibility,SN-018,Is there direct access to storage within or adjacent to the sensory motor lab for manipulatives?,6
ES,Special Education,Sensory Motor Lab,Infrastructure,Flooring & Surface Finishes,SN-017,What type of flooring is in the space?,6
ES,Special Education,Sensory Motor Lab,Infrastructure,Utilities & Technology,SN-002,Select all that apply (lighting),6
ES,Special Education,Sensory Motor Lab,Infrastructure,Utilities & Technology,SN-010,Are there any visible workarounds accommodating a lack of power outlets?,6
ES,Special Education,Sensory Motor Lab,Observational,Observational,SE-009,"Does the space support individual, one-to-one, and small-group sensory motor learning activities? (check all that apply)",0
ES,Special Education,Sensory Motor Lab,Occupant Experience,Aesthetics,SN-003,Which of the following describes the condition of the wall finishes?,6
ES,Special Education,Sensory Motor Lab,Occupant Experience,Occupant Comfort,SN-004,Are there exterior windows?,6
ES,Special Education,Sensory Motor Lab,Occupant Experience,Occupant Comfort,SN-005,"Is daylight accessible through another means (e.g., an interior window shared with a space that has exterior windows)?",6
ES,Special Education,Sensory Motor Lab,Occupant Experience,Occupant Comfort,SN-006,Select all that apply (exterior windows),6
ES,Special Education,Sensory Motor Lab,Occupant Experience,Occupant Comfort,SN-007,What window coverings are provided on exterior windows?,6
ES,Special Education,Sensory Motor Lab,Occupant Experience,Occupant Comfort,SN-011,Select one (temperature control),6
ES,Special Education,Sensory Motor Lab,Occupant Experience,Occupant Comfort,SN-016,Select all that apply (acoustic features),6
ES,Special Education,Sensory Motor Lab,Occupant Experience,Safety & Supervision,SN-012,What type of visibility is provided into the space from adjacent interior spaces or circulation?,6
ES,Special Education,Sensory Motor Lab,Occupant Experience,Safety & Supervision,SN-013,How much of the wall facing the adjacent interior space or circulation is made up of interior window?,0
ES,Special Education,Sensory Motor Lab,Occupant Experience,Safety & Supervision,SN-014,Select all that apply (safety),6
ES,Special Education,Special Education Suite,Amenities,Storage,SE-008,Select all that apply (4+ linear feet of casework),6
ES,Special Education,Special Education Suite,Function,Adjacency & Access,SE-004,Is the Special Education suite located in close proximity to central administration and the main entry?,6
ES,Special Education,Special Education Suite,Function,Availability,SE-001,Select all that apply (spaces checklist),6
ES,Special Education,Special Education Suite,Occupant Experience,Circulation & Egress,SE-005,Select all that apply (42-inch door opening),6
ES,Special Education,Special Education Suite,Occupant Experience,Safety & Supervision,SE-007,Select all that apply (visual privacy),6
ES,Special Education,SPED Flex Studio,Amenities,Display & Presentation,SP-024,"How much writable surface (e.g., markerboard) is provided, excluding glass? Include both fixed and mobile surfaces.",6
ES,Special Education,SPED Flex Studio,Amenities,Furniture & Equipment,SP-017,Select all that are present (furniture),0
ES,Special Education,SPED Flex Studio,Amenities,Furniture & Equipment,SP-018,How easily can the furniture be rearranged?,6
ES,Special Education,SPED Flex Studio,Amenities,Furniture & Equipment,SP-019,"How varied are the seating options for students (i.e., seating beyond standard hard chairs, such as soft or active seating)?",6
ES,Special Education,SPED Flex Studio,Amenities,Furniture & Equipment,SP-020,What is the condition of the furniture?,6
ES,Special Education,SPED Flex Studio,Amenities,Storage,SP-010,Select all that apply (storage),0
ES,Special Education,SPED Flex Studio,Amenities,Storage,SP-011,How sufficient does the storage appear for the space's program needs?,6
ES,Special Education,SPED Flex Studio,Function,Adjacency & Access,SP-002,Is the SPED flex studio integrated into the neighborhood?,6
ES,Special Education,SPED Flex Studio,Function,Adjacency & Access,SP-025,What restroom access is provided for the SPED Flex Studio suite?,6
ES,Special Education,SPED Flex Studio,Function,Availability,SP-001,Is this space type present at the school?,0
ES,Special Education,SPED Flex Studio,Function,Layout & Flexibility,SP-003,Does the room shape allow for clear sightlines within the room and flexible room configuration options?,6
ES,Special Education,SPED Flex Studio,Infrastructure,Flooring & Surface Finishes,SP-021,What type of flooring is in the space?,0
ES,Special Education,SPED Flex Studio,Infrastructure,Utilities & Technology,SP-004,Select all that apply (lighting),6
ES,Special Education,SPED Flex Studio,Infrastructure,Utilities & Technology,SP-012,Are there any visible workarounds accommodating a lack of power outlets?,6
ES,Special Education,SPED Flex Studio,Infrastructure,Utilities & Technology,SP-022,Select all that apply (plumbing),6
ES,Special Education,SPED Flex Studio,Observational,Observational,SP-027,"Can the environment support personalized learning, independence, and participation? (check all that apply)",0
ES,Special Education,SPED Flex Studio,Occupant Experience,Aesthetics,SP-005,Which of the following describes the condition of the wall finishes?,6
ES,Special Education,SPED Flex Studio,Occupant Experience,Occupant Comfort,SP-006,Are there exterior windows?,6
ES,Special Education,SPED Flex Studio,Occupant Experience,Occupant Comfort,SP-007,"Is daylight accessible through another means (e.g., an interior window shared with a space that has exterior windows)?",6
ES,Special Education,SPED Flex Studio,Occupant Experience,Occupant Comfort,SP-008,Select all that apply (exterior windows),6
ES,Special Education,SPED Flex Studio,Occupant Experience,Occupant Comfort,SP-009,What window coverings are provided on exterior windows?,6
ES,Special Education,SPED Flex Studio,Occupant Experience,Occupant Comfort,SP-013,Select one (temperature control),6
ES,Special Education,SPED Flex Studio,Occupant Experience,Occupant Comfort,SP-023,Select all that apply (acoustic features),6
ES,Special Education,SPED Flex Studio,Occupant Experience,Safety & Supervision,SP-014,What type of visibility is provided into the space from adjacent interior spaces or circulation?,6
ES,Special Education,SPED Flex Studio,Occupant Experience,Safety & Supervision,SP-015,How much of the wall facing the adjacent interior space or circulation is made up of interior window?,0
ES,Special Education,SPED Flex Studio,Occupant Experience,Safety & Supervision,SP-016,Select all that apply (safety),6
ES,Special Education,SPED Flex Studio,Occupant Experience,Safety & Supervision,SP-026,Does the restroom appear to be ADA-compliant?,6
ES,Neighborhoods,Early Childhood Neighborhood,Function,Adjacency & Access,EN-005,Where is a learner restroom located relative to the neighborhood?,6
ES,Neighborhoods,Early Childhood Neighborhood,Function,Adjacency & Access,EN-006,Where is an adult restroom located relative to the neighborhood?,6
ES,Neighborhoods,Early Childhood Neighborhood,Function,Adjacency & Access,EN-007,Select all that apply (neighborhood adjacency),6
ES,Neighborhoods,Early Childhood Neighborhood,Function,Availability,EN-001,Is this space type present at the school?,0
ES,Neighborhoods,Early Childhood Neighborhood,Function,Availability,EN-004,Select all that are present (spaces checklist),6
ES,Neighborhoods,Early Childhood Neighborhood,Function,Layout & Flexibility,EN-003,Does main circulation avoid traveling through the neighborhood to limit opportunities for disruption?,6
ES,Neighborhoods,Early Childhood Neighborhood,Infrastructure,Layout & Flexibility,EN-008,How many operable partitions (between studios and/or open collaboration spaces) does the neighborhood have?,6
ES,Neighborhoods,Early Childhood Neighborhood,Occupant Experience,Safety & Supervision,EN-002,Select all that apply (neighborhood security),6
ES,Neighborhoods,Group Room,Amenities,Display & Presentation,GR-003,How many linear feet of writable surface is provided?,6
ES,Neighborhoods,Group Room,Amenities,Furniture & Equipment,GR-007,Select all that are present (furniture),0
ES,Neighborhoods,Group Room,Amenities,Furniture & Equipment,GR-008,How easily can the furniture be rearranged?,6
ES,Neighborhoods,Group Room,Amenities,Furniture & Equipment,GR-009,What is the condition of the furniture?,6
ES,Neighborhoods,Group Room,Function,Availability,GR-001,Is this space type present at the school?,0
ES,Neighborhoods,Group Room,Infrastructure,Utilities & Technology,GR-002,Select all that apply (lighting),6
ES,Neighborhoods,Group Room,Infrastructure,Utilities & Technology,GR-004,Are there any visible workarounds accommodating a lack of power outlets?,6
ES,Neighborhoods,Group Room,Observational,Observational,GR-010,Is there observable evidence that group rooms function as shared instructional resources? (check all that apply),0
ES,Neighborhoods,Group Room,Observational,Observational,GR-011,Select all that apply (Education Efficiency),0
ES,Neighborhoods,Group Room,Occupant Experience,Safety & Supervision,GR-005,What type of visibility is provided into the space from adjacent interior spaces or circulation?,6
ES,Neighborhoods,Group Room,Occupant Experience,Safety & Supervision,GR-006,How much of the wall facing the adjacent interior space or circulation is made up of interior window?,0
ES,Neighborhoods,Neighborhood,Function,Adjacency & Access,NH-009,Are the small group rooms distributed throughout the neighborhood so that all studios have similarly convenient access?,6
ES,Neighborhoods,Neighborhood,Function,Adjacency & Access,NH-012,Where is a learner restroom located relative to the neighborhood?,6
ES,Neighborhoods,Neighborhood,Function,Adjacency & Access,NH-013,Where is an adult restroom located relative to the neighborhood?,6
ES,Neighborhoods,Neighborhood,Function,Adjacency & Access,NH-014,Select all that apply (neighborhood adjacency),6
ES,Neighborhoods,Neighborhood,Function,Availability,NH-001,Is this space type present at the school?,0
ES,Neighborhoods,Neighborhood,Function,Availability,NH-004,Select all that are present (spaces checklist),6
ES,Neighborhoods,Neighborhood,Function,Availability,NH-007,How many small group rooms (fits 3-5 students) are in the neighborhood?,6
ES,Neighborhoods,Neighborhood,Function,Layout & Flexibility,NH-003,Does main circulation avoid traveling through the neighborhood to limit opportunities for disruption?,6
ES,Neighborhoods,Neighborhood,Infrastructure,Layout & Flexibility,NH-015,How many operable partitions (between studios and/or open collaboration spaces) does the neighborhood have?,6
ES,Neighborhoods,Neighborhood,Observational,Observational,NH-016,Can the neighborhood function as a space for student social emotional regulation? (Check all that apply),0
ES,Neighborhoods,Neighborhood,Observational,Observational,NH-017,Can the neighborhood function as a collaborative learning community? (Check all that apply),0
ES,Neighborhoods,Neighborhood,Observational,Observational,NH-018,Is there evidence that shared learning spaces within the neighborhood are actively used for instruction and collaboration? (check all that apply),0
ES,Neighborhoods,Neighborhood,Observational,Observational,NH-019,All-learner restrooms have been gendered through signage.,0
ES,Neighborhoods,Neighborhood,Occupant Experience,Safety & Supervision,NH-002,Select all that apply (neighborhood security),6
ES,Neighborhoods,Open Collaboration,Amenities,Display & Presentation,OC-002,"How much writable surface (e.g., markerboard) is provided, excluding glass? Include both fixed and mobile writable surfaces.",6
ES,Neighborhoods,Open Collaboration,Amenities,Furniture & Equipment,OC-007,Select all that are present (furniture),0
ES,Neighborhoods,Open Collaboration,Amenities,Furniture & Equipment,OC-008,How easily can the furniture be rearranged?,6
ES,Neighborhoods,Open Collaboration,Amenities,Furniture & Equipment,OC-009,"How varied are the seating options for students (i.e., seating beyond standard hard chairs, such as soft or active seating)?",6
ES,Neighborhoods,Open Collaboration,Amenities,Furniture & Equipment,OC-010,What is the condition of the furniture?,6
ES,Neighborhoods,Open Collaboration,Function,Adjacency & Access,OC-006,What portion of all studios in the neighborhood have direct access to the open collaboration space?,6
ES,Neighborhoods,Open Collaboration,Function,Availability,OC-001,Is this space type present at the school?,0
ES,Neighborhoods,Open Collaboration,Infrastructure,Flooring & Surface Finishes,OC-011,What type of flooring is in the space?,6
ES,Neighborhoods,Open Collaboration,Infrastructure,Utilities & Technology,OC-004,Are there any visible workarounds accommodating a lack of power outlets?,6
ES,Neighborhoods,Open Collaboration,Infrastructure,Utilities & Technology,OC-012,Select all that are present (water access),6
ES,Neighborhoods,Open Collaboration,Observational,Observational,OC-013,Select all that apply (Education Efficiency),0
ES,Neighborhoods,Open Collaboration,Occupant Experience,Safety & Supervision,OC-005,What type of visibility do neighboring studios have into the space?,6
ES,Shared Spaces,Dining Commons,Amenities,Display & Presentation,DC-015,How much tackboard/tackwall/tackstrip is provided? Include both fixed and mobile surfaces in your count.,6
ES,Shared Spaces,Dining Commons,Amenities,Furniture & Equipment,DC-008,Is a variety of furniture and/or modular furniture provided to support both small and large group collaboration when used as a learning space?,6
ES,Shared Spaces,Dining Commons,Amenities,Furniture & Equipment,DC-029,Select all that apply (general inventory),6
ES,Shared Spaces,Dining Commons,Amenities,Storage,DC-016,How many storage closets are provided for the Dining Commons?,6
ES,Shared Spaces,Dining Commons,Amenities,Storage,DC-019,Select all that apply (storage),6
ES,Shared Spaces,Dining Commons,Amenities,Storage,DC-030,Is the custodial storage sufficient for all custodial equipment to be kept out of sight when not in use?,6
ES,Shared Spaces,Dining Commons,Function,Adjacency & Access,DC-004,Is the Dining Commons centrally located?,6
ES,Shared Spaces,Dining Commons,Function,Adjacency & Access,DC-023,What is the Dining Commons' proximity to the gymnasium?,6
ES,Shared Spaces,Dining Commons,Function,Adjacency & Access,DC-025,Select all that apply (entrance and access),6
ES,Shared Spaces,Dining Commons,Function,Adjacency & Access,DC-026,Can the Dining Commons be accessed for after-hours use while restricting access to the rest of campus?,6
ES,Shared Spaces,Dining Commons,Function,Adjacency & Access,DC-027,Select all that apply (restroom proximity),6
ES,Shared Spaces,Dining Commons,Function,Adjacency & Access,DC-028,"If the rest of the campus is locked down, are the restrooms identified above still accessible from the Dining Commons?",6
ES,Shared Spaces,Dining Commons,Function,Availability,DC-001,Is this space type present at the school?,0
ES,Shared Spaces,Dining Commons,Function,Availability,DC-021,Is there a stage in the Dining Commons?,6
ES,Shared Spaces,Dining Commons,Infrastructure,Flooring & Surface Finishes,DC-003,What type of flooring is in the space?,6
ES,Shared Spaces,Dining Commons,Infrastructure,Utilities & Technology,DC-009,Are there any visible workarounds accommodating a lack of power outlets?,6
ES,Shared Spaces,Dining Commons,Observational,Observational,DC-031,Can the Dining Commons support community gathering and learning activities in addition to meal service? (check all that apply),0
ES,Shared Spaces,Dining Commons,Occupant Experience,Aesthetics,DC-002,Which of the following describes the condition of the wall finishes?,6
ES,Shared Spaces,Dining Commons,Occupant Experience,Occupant Comfort,DC-010,Is there an outdoor dining space?,6
ES,Shared Spaces,Dining Commons,Occupant Experience,Occupant Comfort,DC-012,Are there exterior windows?,6
ES,Shared Spaces,Dining Commons,Occupant Experience,Occupant Comfort,DC-013,"Is daylight accessible through another means (e.g., an interior window shared with a space that has exterior windows)?",6
ES,Shared Spaces,Dining Commons,Occupant Experience,Occupant Comfort,DC-014,Select all that apply (exterior windows),6
ES,Shared Spaces,Dining Commons,Occupant Experience,Safety & Supervision,DC-011,Select all that are present (outdoor dining),6
ES,Shared Spaces,Dining Commons,Occupant Experience,Safety & Supervision,DC-022,Is the stage accessed from the audience area by a ramp with an unobstructed sightline?,6
ES,Shared Spaces,ES Gymnasium,Amenities,Display & Presentation,EG-006,"How much writable surface (e.g., markerboard) is provided, excluding glass? Include both fixed and mobile writable surfaces in your count.",6
ES,Shared Spaces,ES Gymnasium,Amenities,Display & Presentation,EG-007,Is the writable surface and tackboard distributed to create two separate teaching areas within the gymnasium?,6
ES,Shared Spaces,ES Gymnasium,Amenities,Display & Presentation,EG-008,How much tackboard/tackwall is provided? Include both fixed and mobile surfaces.,6
ES,Shared Spaces,ES Gymnasium,Amenities,Display & Presentation,EG-009,Is additional tackboard provided outside the gymnasium?,6
ES,Shared Spaces,ES Gymnasium,Amenities,Display & Presentation,EG-013,Are a motorized projection screen and ceiling/wall-mounted projector provided?,6
ES,Shared Spaces,ES Gymnasium,Amenities,Furniture & Equipment,EG-003,How many basketball goals are provided?,6
ES,Shared Spaces,ES Gymnasium,Amenities,Furniture & Equipment,EG-004,Select all that are present (gym equipment),6
ES,Shared Spaces,ES Gymnasium,Amenities,Storage,EG-005,Is there an ensuite equipment storage room?,6
ES,Shared Spaces,ES Gymnasium,Function,Adjacency & Access,EG-011,What is directly adjacent to or in close proximity to the gym? Select all that apply.,6
ES,Shared Spaces,ES Gymnasium,Function,Adjacency & Access,EG-012,What is the gymnasium's proximity to the Dining Commons?,6
ES,Shared Spaces,ES Gymnasium,Function,Availability,EG-001,Is this space type present at the school?,0
ES,Shared Spaces,ES Gymnasium,Infrastructure,Utilities & Technology,EG-010,Are there any visible workarounds accommodating a lack of power outlets?,6
ES,Shared Spaces,ES Gymnasium,Infrastructure,Utilities & Technology,EG-014,Is the ceiling or structural design such that balls or equipment are prevented from getting lodged?,6
ES,Shared Spaces,ES Gymnasium,Infrastructure,Utilities & Technology,EG-015,Select all that apply (general inventory),0
ES,Shared Spaces,ES Gymnasium,Occupant Experience,Circulation & Egress,EG-002,"Is a 72"" or wider entry door from circulation provided?",6
ES,Shared Spaces,Library Media Center,Amenities,Display & Presentation,MC-020,"How much writable surface (e.g., markerboard) is provided in the reading room / teaching area, excluding glass? Include both fixed and mobile writable surfaces in your count.",6
ES,Shared Spaces,Library Media Center,Amenities,Display & Presentation,MC-021,How much tackboard/tackwall/tackstrip is provided? Include both fixed and mobile surfaces.,6
ES,Shared Spaces,Library Media Center,Amenities,Furniture & Equipment,MC-029,Select all that are present (furniture),6
ES,Shared Spaces,Library Media Center,Amenities,Furniture & Equipment,MC-030,"Are the book stacks flexible (i.e., mobile and/or reconfigurable)?",6
ES,Shared Spaces,Library Media Center,Amenities,Furniture & Equipment,MC-031,How easily can the furniture be rearranged?,6
ES,Shared Spaces,Library Media Center,Amenities,Furniture & Equipment,MC-032,What is the condition of the furniture?,6
ES,Shared Spaces,Library Media Center,Amenities,Furniture & Equipment,MC-033,Select all that apply (circulation desk),6
ES,Shared Spaces,Library Media Center,Amenities,Storage,MC-015,Select all that apply (storage in the reading room / teaching area),0
ES,Shared Spaces,Library Media Center,Amenities,Storage,MC-016,How sufficient does the storage appear for the reading room / teaching area's program needs?,6
ES,Shared Spaces,Library Media Center,Amenities,Storage,MC-017,How much casework is provided in the office/workroom?,6
ES,Shared Spaces,Library Media Center,Amenities,Storage,MC-019,How much countertop is provided in the office/workroom?,6
ES,Shared Spaces,Library Media Center,Function,Adjacency & Access,MC-002,Select all that apply (visibility and access),6
ES,Shared Spaces,Library Media Center,Function,Adjacency & Access,MC-035,Select all that apply (restroom access),6
ES,Shared Spaces,Library Media Center,Function,Availability,MC-001,Is this space type present at the school?,0
ES,Shared Spaces,Library Media Center,Function,Availability,MC-003,Select all that apply (spaces checklist),6
ES,Shared Spaces,Library Media Center,Infrastructure,Flooring & Surface Finishes,MC-034,What type of flooring is in the space?,0
ES,Shared Spaces,Library Media Center,Infrastructure,Utilities & Technology,MC-009,Select all that apply (lighting),6
ES,Shared Spaces,Library Media Center,Infrastructure,Utilities & Technology,MC-022,How many floor box locations are provided in the space?,6
ES,Shared Spaces,Library Media Center,Infrastructure,Utilities & Technology,MC-023,Are there any visible workarounds accommodating a lack of power outlets?,6
ES,Shared Spaces,Library Media Center,Infrastructure,Utilities & Technology,MC-036,Select all that apply (general inventory),0
ES,Shared Spaces,Library Media Center,Observational,Observational,MC-037,"Can the Media Center function as a hub for inquiry, exploration, collaboration, and creation? (check all that apply)",0
ES,Shared Spaces,Library Media Center,Occupant Experience,Aesthetics,MC-010,Which of the following describes the condition of the wall finishes?,6
ES,Shared Spaces,Library Media Center,Occupant Experience,Occupant Comfort,MC-008,Select all that apply (acoustic zones and activities),6
ES,Shared Spaces,Library Media Center,Occupant Experience,Occupant Comfort,MC-011,Are there exterior windows?,6
ES,Shared Spaces,Library Media Center,Occupant Experience,Occupant Comfort,MC-012,"Is daylight accessible through another means (e.g., an interior window shared with a space that has exterior windows)?",6
ES,Shared Spaces,Library Media Center,Occupant Experience,Occupant Comfort,MC-013,Select all that apply (exterior windows),6
ES,Shared Spaces,Library Media Center,Occupant Experience,Occupant Comfort,MC-014,What window coverings are provided on exterior windows?,6
ES,Shared Spaces,Library Media Center,Occupant Experience,Occupant Comfort,MC-024,Select one (temperature control),6
ES,Shared Spaces,Library Media Center,Occupant Experience,Safety & Supervision,MC-025,What type of visibility is provided into the space from adjacent interior spaces or circulation?,6
ES,Shared Spaces,Library Media Center,Occupant Experience,Safety & Supervision,MC-026,How much of the wall facing the adjacent interior space or circulation is made up of interior window?,0
ES,Shared Spaces,Library Media Center,Occupant Experience,Safety & Supervision,MC-027,Select all that apply (sightlines),6
ES,Shared Spaces,Library Media Center,Occupant Experience,Safety & Supervision,MC-028,Select all that apply (safety),6
ES,Outdoor,Outdoor Spaces,Amenities,Furniture & Equipment,OD-002,Select all that are present (essential early childhood playground features),6
ES,Outdoor,Outdoor Spaces,Amenities,Furniture & Equipment,OD-003,Select all that are present (additional early childhood playground features),6
ES,Outdoor,Outdoor Spaces,Amenities,Furniture & Equipment,OD-004,Is the early childhood playground in proximity to an appropriate learning neighborhood?,6
ES,Outdoor,Outdoor Spaces,Amenities,Furniture & Equipment,OD-007,Select all that are present (early childhood playground equipment features),0
ES,Outdoor,Outdoor Spaces,Amenities,Furniture & Equipment,OD-011,Select all that are present (essential elementary playground features),6
ES,Outdoor,Outdoor Spaces,Amenities,Furniture & Equipment,OD-012,Select all that are present (additional elementary playground features),6
ES,Outdoor,Outdoor Spaces,Amenities,Furniture & Equipment,OD-013,Is the elementary playground in proximity to an appropriate learning neighborhood?,6
ES,Outdoor,Outdoor Spaces,Amenities,Furniture & Equipment,OD-016,Select all that are present (elementary playground equipment features),0
ES,Outdoor,Outdoor Spaces,Amenities,Furniture & Equipment,OD-023,Select all that are present (nature-based play features),6
ES,Outdoor,Outdoor Spaces,Amenities,Furniture & Equipment,OD-024,What is the condition of the nature-based play features?,6
ES,Outdoor,Outdoor Spaces,Amenities,Furniture & Equipment,OD-025,Select all that are present (essential hard play features),6
ES,Outdoor,Outdoor Spaces,Amenities,Furniture & Equipment,OD-026,Select all that are present (additional hard play features),0
ES,Outdoor,Outdoor Spaces,Amenities,Furniture & Equipment,OD-031,Select all that are present (play field features),6
ES,Outdoor,Outdoor Spaces,Amenities,Furniture & Equipment,OD-036,Select all that are present (essential outdoor studio features),6
ES,Outdoor,Outdoor Spaces,Amenities,Furniture & Equipment,OD-037,Select all that apply (additional outdoor studio features),6
ES,Outdoor,Outdoor Spaces,Amenities,Furniture & Equipment,OD-043,Select all that are present (essential produce garden features),0
ES,Outdoor,Outdoor Spaces,Amenities,Furniture & Equipment,OD-044,Select all that are present (additional produce garden features),6
ES,Outdoor,Outdoor Spaces,Amenities,Furniture & Equipment,OD-047,Select all that are present (essential habitat garden features),6
ES,Outdoor,Outdoor Spaces,Amenities,Furniture & Equipment,OD-048,Select all that are present (additional habitat garden features),6
ES,Outdoor,Outdoor Spaces,Amenities,Furniture & Equipment,OD-051,Select all that are present (essential domestic animal habitat features),6
ES,Outdoor,Outdoor Spaces,Amenities,Furniture & Equipment,OD-052,Select all that are present (additional domestic animal habitat features),6
ES,Outdoor,Outdoor Spaces,Amenities,Furniture & Equipment,OD-056,Select all that are present (essential nature trail features),6
ES,Outdoor,Outdoor Spaces,Amenities,Furniture & Equipment,OD-057,Select all that are present (additional nature trail features),6
ES,Outdoor,Outdoor Spaces,Amenities,Storage,OD-063,How sufficient is the outdoor storage for play equipment and materials?,6
ES,Outdoor,Outdoor Spaces,Function,Adjacency & Access,OD-039,Select all that apply (outdoor studio adjacencies),6
ES,Outdoor,Outdoor Spaces,Function,Adjacency & Access,OD-053,"Is the habitat located in a relatively low-traffic area of the campus (i.e., adequate separation from student egress points, playground areas, produce gardens, etc.)?",6
ES,Outdoor,Outdoor Spaces,Function,Adjacency & Access,OD-061,Are the play areas easily accessible for after-hours community use?,6
ES,Outdoor,Outdoor Spaces,Function,Adjacency & Access,OD-062,How close are the play areas to the gym?,6
ES,Outdoor,Outdoor Spaces,Function,Availability,OD-001,Is there an early childhood playground (PreK-K)?,6
ES,Outdoor,Outdoor Spaces,Function,Availability,OD-010,Is there an elementary playground (1st-5th)?,6
ES,Outdoor,Outdoor Spaces,Function,Availability,OD-022,Is there a nature-based play area?,6
ES,Outdoor,Outdoor Spaces,Function,Availability,OD-030,Is there a play field?,6
ES,Outdoor,Outdoor Spaces,Function,Availability,OD-034,Is there an outdoor studio?,6
ES,Outdoor,Outdoor Spaces,Function,Availability,OD-041,Is there a produce garden?,6
ES,Outdoor,Outdoor Spaces,Function,Availability,OD-045,Is there a habitat garden?,6
ES,Outdoor,Outdoor Spaces,Function,Availability,OD-049,Is there a domestic animal habitat?,6
ES,Outdoor,Outdoor Spaces,Function,Availability,OD-054,Is there a nature trail?,6
ES,Outdoor,Outdoor Spaces,Function,Availability,OD-058,Is there green stormwater infrastructure?,6
ES,Outdoor,Outdoor Spaces,Infrastructure,Utilities & Technology,OD-038,Select all that are present (outdoor studio technology),6
ES,Outdoor,Outdoor Spaces,Infrastructure,Utilities & Technology,OD-059,Select all that are present (essential green stormwater features),6
ES,Outdoor,Outdoor Spaces,Infrastructure,Utilities & Technology,OD-060,Select all that are present (additional green stormwater features),6
ES,Outdoor,Outdoor Spaces,Observational,Observational,OD-064,Can outdoor environments function as extensions of the educational environment? (check all that apply),0
ES,Outdoor,Outdoor Spaces,Observational,Observational,OD-065,"Students are observed utilizing the outdoor learning spaces (gardens, outdoor studios, etc.).",0
ES,Outdoor,Outdoor Spaces,Occupant Experience,Occupant Comfort,OD-017,Does the elementary playground have shade structures or shaded areas on or near it?,6
ES,Outdoor,Outdoor Spaces,Occupant Experience,Occupant Comfort,OD-027,Does the hard play area have shade structures or shaded areas on or near it?,6
ES,Outdoor,Outdoor Spaces,Occupant Experience,Safety & Supervision,OD-005,Is the early childhood playground enclosed by fencing?,6
ES,Outdoor,Outdoor Spaces,Occupant Experience,Safety & Supervision,OD-006,Do the early childhood playground fall zones have soft surfacing?,6
ES,Outdoor,Outdoor Spaces,Occupant Experience,Safety & Supervision,OD-008,Does the early childhood playground have site lighting to allow for safe evening use?,6
ES,Outdoor,Outdoor Spaces,Occupant Experience,Safety & Supervision,OD-009,Are there clear sightlines from routinely occupied or supervised areas to the early childhood playground area?,6
ES,Outdoor,Outdoor Spaces,Occupant Experience,Safety & Supervision,OD-014,Is the elementary playground enclosed by fencing?,6
ES,Outdoor,Outdoor Spaces,Occupant Experience,Safety & Supervision,OD-015,Do the elementary playground fall zones have soft surfacing?,6
ES,Outdoor,Outdoor Spaces,Occupant Experience,Safety & Supervision,OD-018,Does the elementary playground have site lighting to allow for safe evening use?,6
ES,Outdoor,Outdoor Spaces,Occupant Experience,Safety & Supervision,OD-019,Are there clear sightlines from routinely occupied or supervised areas to the elementary playground area?,6
ES,Outdoor,Outdoor Spaces,Occupant Experience,Safety & Supervision,OD-028,Does the hard play area have site lighting to allow for safe evening use?,6
ES,Outdoor,Outdoor Spaces,Occupant Experience,Safety & Supervision,OD-029,Are there clear sightlines from routinely occupied or supervised areas to the hard play area?,6
ES,Outdoor,Outdoor Spaces,Occupant Experience,Safety & Supervision,OD-032,Are there clear sightlines from routinely occupied or supervised areas to the play field?,6
ES,Outdoor,Outdoor Spaces,Occupant Experience,Safety & Supervision,OD-033,Does the play field have site lighting to allow for safe evening use?,6
ES,Outdoor,Outdoor Spaces,Occupant Experience,Safety & Supervision,OD-035,Are there clear sightlines from routinely occupied or supervised areas to the outdoor studio?,6
ES,Outdoor,Outdoor Spaces,Occupant Experience,Safety & Supervision,OD-042,Are there clear sightlines from routinely occupied or supervised areas to the produce garden?,6
ES,Outdoor,Outdoor Spaces,Occupant Experience,Safety & Supervision,OD-046,Are there clear sightlines from routinely occupied or supervised areas to the habitat garden?,6
ES,Outdoor,Outdoor Spaces,Occupant Experience,Safety & Supervision,OD-050,Are there clear sightlines from routinely occupied or supervised areas to the domestic animal habitat?,6
ES,Outdoor,Outdoor Spaces,Occupant Experience,Safety & Supervision,OD-055,Are there clear sightlines from routinely occupied or supervised areas to the nature trail?,6
MS,Arrival Experience and Campus Support,Entry Experience,Function,Adjacency & Access,EE-001,What modes of transportation are supported by the site?,6
MS,Arrival Experience and Campus Support,Entry Experience,Function,Adjacency & Access,EE-002,Are school bus and personal vehicle drop-off/pick-up zones separated from each other?,6
MS,Arrival Experience and Campus Support,Entry Experience,Function,Adjacency & Access,EE-003,Is there a direct pathway from drop-off/pick-up zones to the main entry?,6
MS,Arrival Experience and Campus Support,Entry Experience,Function,Adjacency & Access,EE-008,Is the front door easily identifiable through design or signage?,6
MS,Arrival Experience and Campus Support,Entry Experience,Function,Aesthetics,EE-005,Select all that apply (entry area condition),6
MS,Arrival Experience and Campus Support,Entry Experience,Infrastructure,Utilities & Technology,EE-011,Select all that apply (general inventory),0
MS,Arrival Experience and Campus Support,Entry Experience,Occupant Experience,Aesthetics,EE-004,What is the condition of the parking lot?,6
MS,Arrival Experience and Campus Support,Entry Experience,Occupant Experience,Aesthetics,EE-010,Select all that apply (welcoming entry),6
MS,Arrival Experience and Campus Support,Entry Experience,Occupant Experience,Safety & Supervision,EE-006,"Is the perimeter of the campus well defined through fences, sidewalks, or other elements that indicate the clear boundary of the school grounds?",6
MS,Arrival Experience and Campus Support,Entry Experience,Occupant Experience,Safety & Supervision,EE-007,Select all that are present (exterior signage),6
MS,Arrival Experience and Campus Support,Entry Experience,Occupant Experience,Safety & Supervision,EE-009,Select all that apply (vestibule),6
MS,Arrival Experience and Campus Support,Campus,Amenities,Display & Presentation,GE-011,Select all that apply (learning on display),6
MS,Arrival Experience and Campus Support,Campus,Function,Adjacency & Access,GE-003,Do service deliveries happen away from the main entry?,6
MS,Arrival Experience and Campus Support,Campus,Function,Adjacency & Access,GE-009,"Are art galleries located throughout the building for exhibitions, reviews, and presentations?",6
MS,Arrival Experience and Campus Support,Campus,Function,Availability,GE-007,Select all that apply (dispersed resources),6
MS,Arrival Experience and Campus Support,Campus,Function,Availability,GE-008,Select all that apply (dispersed restrooms),6
MS,Arrival Experience and Campus Support,Campus,Function,Layout & Flexibility,GE-004,Which of the following best describes the ease of wayfinding through the school?,6
MS,Arrival Experience and Campus Support,Campus,Function,Layout & Flexibility,GE-005,Is the school divided into clearly defined neighborhoods?,6
MS,Arrival Experience and Campus Support,Campus,Function,Layout & Flexibility,GE-006,"For campuses with multiple buildings, are covered connections (canopies, breezeways, or interior connections) provided between buildings?",6
MS,Arrival Experience and Campus Support,Campus,Observational,Observational,GE-012,Do the room numbers on the campus match the plan provided?,0
MS,Arrival Experience and Campus Support,Campus,Observational,Observational,GE-013,Select all that apply (room signage details),0
MS,Arrival Experience and Campus Support,Campus,Observational,Observational,GE-014,Commons spaces are observed being utilized by students (e.g. open gathering spaces around stairs or adjacent to large group areas; where applicable).,0
MS,Arrival Experience and Campus Support,Campus,Observational,Observational,GE-015,Are there any unique situations or user adaptations you observed? Please describe.,0
MS,Arrival Experience and Campus Support,Campus,Observational,Observational,GE-016,Are there any chronic challenges you observed or were mentioned while on site? Please describe.,0
MS,Arrival Experience and Campus Support,Campus,Observational,Observational,GE-017,Is there anything that was not asked in the survey that is important to note?,0
MS,Arrival Experience and Campus Support,Campus,Observational,Observational,GE-018,What questions are you leaving the campus with?,0
MS,Arrival Experience and Campus Support,Campus,Occupant Experience,Aesthetics,GE-001,Which of the following best describes the general appearance and wear of the school?,6
MS,Arrival Experience and Campus Support,Campus,Occupant Experience,Circulation & Egress,GE-010,How many elevators are there?,6
MS,Arrival Experience and Campus Support,Campus,Occupant Experience,Safety & Supervision,GE-002,What is the quality of site lighting distribution across the campus?,6
MS,Arrival Experience and Campus Support,Kitchen,Function,Adjacency & Access,KT-004,How is the kitchen's loading area configured?,6
MS,Arrival Experience and Campus Support,Kitchen,Function,Availability,KT-001,Is this space type present at the school?,0
MS,Arrival Experience and Campus Support,Kitchen,Function,Availability,KT-002,Select all that are present (spaces checklist),6
MS,Arrival Experience and Campus Support,Kitchen,Function,Circulation & Egress,KT-003,"Does the kitchen loading area have a 42"" door and corridor to allow for easy delivery and movement of foods and equipment?",6
MS,Arrival Experience and Campus Support,Kitchen,Infrastructure,Utilities & Technology,KT-005,Select all that apply (plumbing),6
MS,Administration,Admin Offices,Amenities,Furniture & Equipment,AD-013,Select all that are present (furniture),0
MS,Administration,Admin Offices,Amenities,Furniture & Equipment,AD-014,What is the condition of the furniture?,6
MS,Administration,Admin Offices,Amenities,Furniture & Equipment,AD-018,Select all that apply (general inventory),0
MS,Administration,Admin Offices,Function,Adjacency & Access,AD-016,Select all that apply (proximity to collaboration space or group room),6
MS,Administration,Admin Offices,Function,Layout & Flexibility,AD-001,"Does the office layout support individual work and one-on-one meetings (i.e., space for a desk plus at least one guest seat)?",6
MS,Administration,Admin Offices,Infrastructure,Flooring & Surface Finishes,AD-015,What type of flooring is in the space?,0
MS,Administration,Admin Offices,Infrastructure,Utilities & Technology,AD-002,Select all that apply (lighting),6
MS,Administration,Admin Offices,Infrastructure,Utilities & Technology,AD-008,Are there any visible workarounds accommodating a lack of power outlets?,0
MS,Administration,Admin Offices,Occupant Experience,Aesthetics,AD-003,Which of the following describes the condition of the wall finishes?,6
MS,Administration,Admin Offices,Occupant Experience,Occupant Comfort,AD-004,Are there exterior windows?,6
MS,Administration,Admin Offices,Occupant Experience,Occupant Comfort,AD-005,"Is daylight accessible through another means (e.g., an interior window shared with a space that has exterior windows)?",6
MS,Administration,Admin Offices,Occupant Experience,Occupant Comfort,AD-006,Select all that apply (exterior windows),6
MS,Administration,Admin Offices,Occupant Experience,Occupant Comfort,AD-007,What window coverings are provided on exterior windows?,6
MS,Administration,Admin Offices,Occupant Experience,Occupant Comfort,AD-009,Select one (temperature control),6
MS,Administration,Admin Offices,Occupant Experience,Safety & Supervision,AD-010,"Is visibility provided into the space from adjacent interior spaces or circulation (i.e., glass exists, even if currently covered)?",6
MS,Administration,Admin Offices,Occupant Experience,Safety & Supervision,AD-011,What type of visibility is provided into the space from adjacent interior spaces?,0
MS,Administration,Admin Offices,Occupant Experience,Safety & Supervision,AD-012,Select all that apply (safety),6
MS,Administration,Admin Offices,Occupant Experience,Safety & Supervision,AD-017,Select all that apply (visibility into collaboration space or group room),6
MS,Administration,Main Admin Suite,Amenities,Display & Presentation,MA-012,"How much writable surface (e.g., markerboard) is provided, excluding glass? Include both fixed and mobile surfaces.",6
MS,Administration,Main Admin Suite,Amenities,Display & Presentation,MA-013,How much tackboard/tackwall is provided? Include both fixed and mobile surfaces.,6
MS,Administration,Main Admin Suite,Amenities,Furniture & Equipment,MA-015,Select all that are present (furniture),0
MS,Administration,Main Admin Suite,Amenities,Furniture & Equipment,MA-026,Select all that are present (workroom),6
MS,Administration,Main Admin Suite,Amenities,Furniture & Equipment,MA-040,Select all that are present (furniture),0
MS,Administration,Main Admin Suite,Amenities,Furniture & Equipment,MA-041,What is the condition of the furniture?,6
MS,Administration,Main Admin Suite,Amenities,Furniture & Equipment,MA-043,Select all that apply (general inventory),0
MS,Administration,Main Admin Suite,Amenities,Storage,MA-025,How much casework and countertop space is provided in the workroom?,6
MS,Administration,Main Admin Suite,Function,Adjacency & Access,MA-005,Select all that apply (adjacencies),6
MS,Administration,Main Admin Suite,Function,Adjacency & Access,MA-019,Which of the following best describes the location of the SRO office?,6
MS,Administration,Main Admin Suite,Function,Adjacency & Access,MA-020,"If there are two SRO offices in the school, are they dispersed in the admin area?",6
MS,Administration,Main Admin Suite,Function,Adjacency & Access,MA-023,How close is the workroom to the main admin suite?,6
MS,Administration,Main Admin Suite,Function,Availability,MA-017,Select all that are provided within or directly adjacent to the admin suite (spaces checklist),6
MS,Administration,Main Admin Suite,Function,Layout & Flexibility,MA-016,How many staff workstations are provided in the reception area?,6
MS,Administration,Main Admin Suite,Function,Layout & Flexibility,MA-027,"Does the principal's office layout support individual work and one-on-one meetings (i.e., space for a desk plus at least one guest seat)?",6
MS,Administration,Main Admin Suite,Infrastructure,Flooring & Surface Finishes,MA-022,What type of flooring is in the space?,0
MS,Administration,Main Admin Suite,Infrastructure,Flooring & Surface Finishes,MA-042,What type of flooring is in the space?,0
MS,Administration,Main Admin Suite,Infrastructure,Utilities & Technology,MA-018,Select all that apply (lighting),6
MS,Administration,Main Admin Suite,Infrastructure,Utilities & Technology,MA-029,Select all that apply (lighting),6
MS,Administration,Main Admin Suite,Infrastructure,Utilities & Technology,MA-035,Are there any visible workarounds accommodating a lack of power outlets?,0
MS,Administration,Main Admin Suite,Occupant Experience,Aesthetics,MA-004,Which of the following describes the condition of the wall finishes?,6
MS,Administration,Main Admin Suite,Occupant Experience,Aesthetics,MA-030,Which of the following describes the condition of the wall finishes?,6
MS,Administration,Main Admin Suite,Occupant Experience,Circulation & Egress,MA-028,Select all that apply (principal's office),6
MS,Administration,Main Admin Suite,Occupant Experience,Occupant Comfort,MA-006,Are there exterior windows?,6
MS,Administration,Main Admin Suite,Occupant Experience,Occupant Comfort,MA-007,"Is daylight accessible through another means (e.g., an interior window shared with a space that has exterior windows)?",6
MS,Administration,Main Admin Suite,Occupant Experience,Occupant Comfort,MA-008,Select all that apply (exterior windows),6
MS,Administration,Main Admin Suite,Occupant Experience,Occupant Comfort,MA-009,What window coverings are provided on exterior windows?,6
MS,Administration,Main Admin Suite,Occupant Experience,Occupant Comfort,MA-014,Select one (temperature control),6
MS,Administration,Main Admin Suite,Occupant Experience,Occupant Comfort,MA-031,Are there exterior windows?,6
MS,Administration,Main Admin Suite,Occupant Experience,Occupant Comfort,MA-032,"Is daylight accessible through another means (e.g., an interior window shared with a space that has exterior windows)?",6
MS,Administration,Main Admin Suite,Occupant Experience,Occupant Comfort,MA-033,Select all that apply (exterior windows),6
MS,Administration,Main Admin Suite,Occupant Experience,Occupant Comfort,MA-034,What window coverings are provided on exterior windows?,6
MS,Administration,Main Admin Suite,Occupant Experience,Occupant Comfort,MA-036,Select one (temperature control),6
MS,Administration,Main Admin Suite,Occupant Experience,Safety & Supervision,MA-001,Is there a clear sightline from the reception workstation to the secure vestibule?,6
MS,Administration,Main Admin Suite,Occupant Experience,Safety & Supervision,MA-002,Is there a clear sightline from the reception workstation to the main building entry?,6
MS,Administration,Main Admin Suite,Occupant Experience,Safety & Supervision,MA-003,Is there a clear sightline from the reception workstation to the main pedestrian approach and drop-off area outside?,6
MS,Administration,Main Admin Suite,Occupant Experience,Safety & Supervision,MA-010,"Is visibility provided into the space from adjacent interior spaces or circulation (i.e., glass exists, even if currently covered)?",6
MS,Administration,Main Admin Suite,Occupant Experience,Safety & Supervision,MA-011,What type of visibility is provided into the space from adjacent interior spaces?,0
MS,Administration,Main Admin Suite,Occupant Experience,Safety & Supervision,MA-021,Select all that apply (safety),6
MS,Administration,Main Admin Suite,Occupant Experience,Safety & Supervision,MA-037,"Is visibility provided into the space from adjacent interior spaces or circulation (i.e., glass exists, even if currently covered)?",6
MS,Administration,Main Admin Suite,Occupant Experience,Safety & Supervision,MA-038,What type of visibility is provided into the space from adjacent interior spaces?,0
MS,Administration,Main Admin Suite,Occupant Experience,Safety & Supervision,MA-039,Select all that apply (safety),6
MS,Administration,Professional Learning Center,Amenities,Display & Presentation,PL-017,"How much writable surface (e.g., markerboard) is provided in the PLC, excluding glass? Include both fixed and mobile writable surfaces in your count.",6
MS,Administration,Professional Learning Center,Amenities,Furniture & Equipment,PL-008,How many workstations are provided for staff?,6
MS,Administration,Professional Learning Center,Amenities,Furniture & Equipment,PL-023,Select all that are present (furniture),0
MS,Administration,Professional Learning Center,Amenities,Furniture & Equipment,PL-024,How easily can the furniture be rearranged?,6
MS,Administration,Professional Learning Center,Amenities,Furniture & Equipment,PL-025,What is the condition of the furniture?,6
MS,Administration,Professional Learning Center,Amenities,Storage,PL-012,How much casework is provided in the space?,6
MS,Administration,Professional Learning Center,Amenities,Storage,PL-013,How much countertop is provided in the space?,6
MS,Administration,Professional Learning Center,Amenities,Storage,PL-014,What lockable personal storage is provided for staff using the space?,6
MS,Administration,Professional Learning Center,Amenities,Storage,PL-015,How sufficient does the storage appear for the space's program needs?,6
MS,Administration,Professional Learning Center,Amenities,Storage,PL-016,"How much writable surface (e.g., markerboard) is provided in the PLC meeting room, excluding glass? Include both fixed and mobile writable surfaces in your count.",6
MS,Administration,Professional Learning Center,Function,Adjacency & Access,PL-004,Where is the small meeting room for phone calls and one-on-one meetings located relative to the PLC?,6
MS,Administration,Professional Learning Center,Function,Layout & Flexibility,PL-001,Does the room shape allow for flexible configuration for group work?,6
MS,Administration,Professional Learning Center,Infrastructure,Flooring & Surface Finishes,PL-026,What type of flooring is in the space?,0
MS,Administration,Professional Learning Center,Infrastructure,Utilities & Technology,PL-002,Select all that apply (lighting),6
MS,Administration,Professional Learning Center,Infrastructure,Utilities & Technology,PL-018,"How many general-use outlets are provided? (count each wall plate as one, regardless of the number of plugs.)",6
MS,Administration,Professional Learning Center,Infrastructure,Utilities & Technology,PL-027,Select all that apply (general inventory),6
MS,Administration,Professional Learning Center,Observational,Observational,PL-028,To what extent does the space support collaborative professional learning? (check all that apply),0
MS,Administration,Professional Learning Center,Occupant Experience,Aesthetics,PL-003,Which of the following describes the condition of the wall finishes?,6
MS,Administration,Professional Learning Center,Occupant Experience,Occupant Comfort,PL-005,Are there exterior windows?,6
MS,Administration,Professional Learning Center,Occupant Experience,Occupant Comfort,PL-006,"Is daylight accessible through another means (e.g., an interior window shared with a space that has exterior windows)?",6
MS,Administration,Professional Learning Center,Occupant Experience,Occupant Comfort,PL-007,Select all that apply (exterior windows),6
MS,Administration,Professional Learning Center,Occupant Experience,Occupant Comfort,PL-009,What window coverings are provided on exterior windows?,6
MS,Administration,Professional Learning Center,Occupant Experience,Occupant Comfort,PL-019,Select one (temperature control),6
MS,Administration,Professional Learning Center,Occupant Experience,Safety & Supervision,PL-020,"Is visibility provided into the space from adjacent interior spaces or circulation (i.e., glass exists, even if currently covered)?",6
MS,Administration,Professional Learning Center,Occupant Experience,Safety & Supervision,PL-021,What type of visibility is provided into the space from adjacent interior spaces?,0
MS,Administration,Professional Learning Center,Occupant Experience,Safety & Supervision,PL-022,Select all that apply (safety),6
MS,Wrap Around Services,Community Partners Suite,Amenities,Furniture & Equipment,CP-009,What is the condition of the furniture?,6
MS,Wrap Around Services,Community Partners Suite,Amenities,Furniture & Equipment,CP-012,Select all that are present (furniture),6
MS,Wrap Around Services,Community Partners Suite,Function,Adjacency & Access,CP-002,Select all that apply (access and security),6
MS,Wrap Around Services,Community Partners Suite,Function,Availability,CP-001,Is this space type present at the school?,0
MS,Wrap Around Services,Community Partners Suite,Infrastructure,Flooring & Surface Finishes,CP-010,What type of flooring is in the space?,0
MS,Wrap Around Services,Community Partners Suite,Infrastructure,Utilities & Technology,CP-011,Select all that apply (general inventory),0
MS,Wrap Around Services,Community Partners Suite,Occupant Experience,Occupant Comfort,CP-004,Select all that apply (acoustic features in the community room),0
MS,Wrap Around Services,Community Partners Suite,Occupant Experience,Occupant Comfort,CP-005,Does the community room have exterior windows?,6
MS,Wrap Around Services,Community Partners Suite,Occupant Experience,Occupant Comfort,CP-006,Select all that apply (exterior windows in the community room),6
MS,Wrap Around Services,Community Partners Suite,Occupant Experience,Occupant Comfort,CP-007,Select one (temperature control),6
MS,Wrap Around Services,Community Partners Suite,Occupant Experience,Safety & Supervision,CP-003,What visual connection does the suite have with the main reception area?,6
MS,Wrap Around Services,Mental Wellness and Counseling Suite,Amenities,Display & Presentation,MW-016,"How much writable surface (e.g., markerboard) is provided in the Counselor Office, excluding glass? Include both fixed and mobile writable surfaces in your count.",6
MS,Wrap Around Services,Mental Wellness and Counseling Suite,Amenities,Display & Presentation,MW-017,How much tackboard/tackwall is provided in the Counselor Office? Include both fixed and mobile surfaces.,6
MS,Wrap Around Services,Mental Wellness and Counseling Suite,Amenities,Display & Presentation,MW-025,"How much writable surface (e.g., markerboard) is provided in Core Counseling, excluding glass? Include both fixed and mobile writable surfaces in your count.",6
MS,Wrap Around Services,Mental Wellness and Counseling Suite,Amenities,Display & Presentation,MW-026,How much tackboard/tackwall is provided in Core Counseling? Include both fixed and mobile surfaces.,6
MS,Wrap Around Services,Mental Wellness and Counseling Suite,Amenities,Display & Presentation,MW-029,How much tackboard/tackwall is provided at Reception? Include both fixed and mobile surfaces.,6
MS,Wrap Around Services,Mental Wellness and Counseling Suite,Amenities,Display & Presentation,MW-031,"How much writable surface (e.g., markerboard) is provided in the Conference Room, excluding glass? Include both fixed and mobile writable surfaces in your count.",6
MS,Wrap Around Services,Mental Wellness and Counseling Suite,Amenities,Display & Presentation,MW-038,"How much writable surface (e.g., markerboard) is provided in the Wellness Room, excluding glass? Include both fixed and mobile writable surfaces in your count.",6
MS,Wrap Around Services,Mental Wellness and Counseling Suite,Amenities,Display & Presentation,MW-039,How much tackboard/tackwall is provided in the Wellness Room? Include both fixed and mobile surfaces.,6
MS,Wrap Around Services,Mental Wellness and Counseling Suite,Amenities,Furniture & Equipment,MW-022,"Is flexible, comfortable, and/or informal furniture provided in Core Counseling?",6
MS,Wrap Around Services,Mental Wellness and Counseling Suite,Amenities,Furniture & Equipment,MW-037,"Is flexible, comfortable, and/or informal furniture provided in the Wellness Room?",6
MS,Wrap Around Services,Mental Wellness and Counseling Suite,Amenities,Furniture & Equipment,MW-042,Select all that are present (suite-wide furniture),6
MS,Wrap Around Services,Mental Wellness and Counseling Suite,Amenities,Furniture & Equipment,MW-043,What is the condition of the furniture overall?,6
MS,Wrap Around Services,Mental Wellness and Counseling Suite,Amenities,Storage,MW-006,How is lockable storage provided for confidential files and personal belongings?,6
MS,Wrap Around Services,Mental Wellness and Counseling Suite,Amenities,Storage,MW-023,How much casework is provided in the Core Counseling space?,6
MS,Wrap Around Services,Mental Wellness and Counseling Suite,Amenities,Storage,MW-024,How much countertop is provided in the Core Counseling space?,6
MS,Wrap Around Services,Mental Wellness and Counseling Suite,Function,Adjacency & Access,MW-003,"Is the suite easily accessible to students from the main circulation areas of the building, so as to destigmatize and normalize its use?",6
MS,Wrap Around Services,Mental Wellness and Counseling Suite,Function,Adjacency & Access,MW-004,Is an all-user restroom in close proximity to the suite for shared lavatory access?,6
MS,Wrap Around Services,Mental Wellness and Counseling Suite,Function,Availability,MW-001,Is this space type present at the school?,0
MS,Wrap Around Services,Mental Wellness and Counseling Suite,Function,Availability,MW-010,Is there a Professional School Counselor Office?,6
MS,Wrap Around Services,Mental Wellness and Counseling Suite,Function,Availability,MW-012,How many Professional School Counselor offices are provided?,6
MS,Wrap Around Services,Mental Wellness and Counseling Suite,Function,Availability,MW-018,Is there a Core Counseling space?,6
MS,Wrap Around Services,Mental Wellness and Counseling Suite,Function,Availability,MW-027,Is there a Reception area in the Mental Wellness and Counseling Suite?,6
MS,Wrap Around Services,Mental Wellness and Counseling Suite,Function,Availability,MW-030,Is there a Conference Room in the Mental Wellness and Counseling Suite?,6
MS,Wrap Around Services,Mental Wellness and Counseling Suite,Function,Availability,MW-032,"Is there a Wellness Room (i.e., brain lab)?",6
MS,Wrap Around Services,Mental Wellness and Counseling Suite,Function,Availability,MW-040,Is there a Licensed Mental Health Professional (LMHP) Office?,6
MS,Wrap Around Services,Mental Wellness and Counseling Suite,Function,Circulation & Egress,MW-008,"Does the suite have a secondary door to a separate egress path (i.e., a second door to a corridor or exterior)?",6
MS,Wrap Around Services,Mental Wellness and Counseling Suite,Function,Layout & Flexibility,MW-002,How are the mental wellness and counseling spaces laid out?,6
MS,Wrap Around Services,Mental Wellness and Counseling Suite,Infrastructure,Flooring & Surface Finishes,MW-044,What type of flooring is in the space?,0
MS,Wrap Around Services,Mental Wellness and Counseling Suite,Infrastructure,Utilities & Technology,MW-005,Are there any visible workarounds accommodating a lack of power outlets?,6
MS,Wrap Around Services,Mental Wellness and Counseling Suite,Infrastructure,Utilities & Technology,MW-007,Select one (temperature control),6
MS,Wrap Around Services,Mental Wellness and Counseling Suite,Observational,Observational,MW-009,Can the environment support student wellness and support services? (check all that apply),0
MS,Wrap Around Services,Mental Wellness and Counseling Suite,Observational,Observational,MW-045,Select all that apply (Education Efficiency),0
MS,Wrap Around Services,Mental Wellness and Counseling Suite,Occupant Experience,Occupant Comfort,MW-014,"Does the Counselor Office have user-controlled visual privacy on interior glass (e.g., roller shades or curtains)?",6
MS,Wrap Around Services,Mental Wellness and Counseling Suite,Occupant Experience,Occupant Comfort,MW-015,Does the Counselor Office have a dimmable light fixture?,6
MS,Wrap Around Services,Mental Wellness and Counseling Suite,Occupant Experience,Occupant Comfort,MW-019,"Does Core Counseling have user-controlled visual privacy on interior glass (e.g., roller shades or curtains)?",6
MS,Wrap Around Services,Mental Wellness and Counseling Suite,Occupant Experience,Occupant Comfort,MW-020,Does Core Counseling have a dimmable light fixture?,6
MS,Wrap Around Services,Mental Wellness and Counseling Suite,Occupant Experience,Occupant Comfort,MW-021,Select all that apply (acoustic features - Core Counseling),6
MS,Wrap Around Services,Mental Wellness and Counseling Suite,Occupant Experience,Occupant Comfort,MW-034,"Does the Wellness Room have user-controlled visual privacy on interior glass (e.g., roller shades or curtains)?",6
MS,Wrap Around Services,Mental Wellness and Counseling Suite,Occupant Experience,Occupant Comfort,MW-035,Does the Wellness Room have a dimmable light fixture?,6
MS,Wrap Around Services,Mental Wellness and Counseling Suite,Occupant Experience,Occupant Comfort,MW-036,Select all that apply (wellness room acoustic features),6
MS,Wrap Around Services,Mental Wellness and Counseling Suite,Occupant Experience,Occupant Comfort,MW-041,"Does the LMHP Office have user-controlled visual privacy on interior glass (e.g., roller shades or curtains)?",6
MS,Wrap Around Services,Mental Wellness and Counseling Suite,Occupant Experience,Safety & Supervision,MW-028,Select all that apply (passive supervision from Reception),6
MS,Wrap Around Services,Mental Wellness and Counseling Suite,Occupant Experience,Safety & Supervision,MW-033,Is passive supervision into the Wellness Room provided via sightline from either the Counselor Offices or Reception?,6
MS,Studios,Maker Space,Amenities,Display & Presentation,MS-011,"How much writable surface (e.g., markerboard) is provided, excluding glass? Include both fixed and mobile writable surfaces.",6
MS,Studios,Maker Space,Amenities,Display & Presentation,MS-012,Which built-in systems for displaying student work are provided?,0
MS,Studios,Maker Space,Amenities,Display & Presentation,MS-013,How much tackboard/tackwall/tackstrip is provided? Include both fixed and mobile surfaces.,6
MS,Studios,Maker Space,Amenities,Furniture & Equipment,MS-024,Select all that are present (furniture),0
MS,Studios,Maker Space,Amenities,Furniture & Equipment,MS-025,How easily can the furniture be rearranged?,6
MS,Studios,Maker Space,Amenities,Furniture & Equipment,MS-026,What is the condition of the furniture?,6
MS,Studios,Maker Space,Amenities,Storage,MS-014,How much casework is provided in the space?,6
MS,Studios,Maker Space,Amenities,Storage,MS-016,How much countertop is provided in the space?,6
MS,Studios,Maker Space,Amenities,Storage,MS-017,Select all that apply (storage),6
MS,Studios,Maker Space,Amenities,Storage,MS-018,How sufficient does the storage appear for the space's program needs?,6
MS,Studios,Maker Space,Function,Adjacency & Access,MS-028,What access does the space have to a collaboration space?,6
MS,Studios,Maker Space,Function,Adjacency & Access,MS-030,What access does the space have to the exterior?,0
MS,Studios,Maker Space,Function,Adjacency & Access,MS-032,What access does the space have to the exterior?,0
MS,Studios,Maker Space,Function,Availability,MS-002,Is this space type present at the school?,0
MS,Studios,Maker Space,Function,Layout & Flexibility,MS-003,Does the room shape allow for clear sightlines within the room and flexible room configuration options?,6
MS,Studios,Maker Space,Infrastructure,Flooring & Surface Finishes,MS-027,What type of flooring is in the space?,6
MS,Studios,Maker Space,Infrastructure,Utilities & Technology,MS-004,Select all that apply (lighting),6
MS,Studios,Maker Space,Infrastructure,Utilities & Technology,MS-019,Are there any visible workarounds accommodating a lack of power outlets?,6
MS,Studios,Maker Space,Infrastructure,Utilities & Technology,MS-031,Select all that apply (plumbing fixtures),6
MS,Studios,Maker Space,Infrastructure,Utilities & Technology,MS-033,Select all that apply (general inventory),0
MS,Studios,Maker Space,Observational,Observational,MS-034,"Can the environment support creative problem-solving, innovation, and project-based learning? (Check all that apply)",0
MS,Studios,Maker Space,Observational,Observational,MS-035,Makerspaces are observed being used for hands-on learning.,0
MS,Studios,Maker Space,Occupant Experience,Aesthetics,MS-005,Which of the following describes the condition of the wall finishes?,6
MS,Studios,Maker Space,Occupant Experience,Occupant Comfort,MS-006,Are there exterior windows?,6
MS,Studios,Maker Space,Occupant Experience,Occupant Comfort,MS-007,"Is daylight accessible through another means (e.g., an interior window shared with a space that has exterior windows)?",6
MS,Studios,Maker Space,Occupant Experience,Occupant Comfort,MS-008,Select all that apply (exterior windows),6
MS,Studios,Maker Space,Occupant Experience,Occupant Comfort,MS-009,What window coverings are provided on exterior windows?,6
MS,Studios,Maker Space,Occupant Experience,Occupant Comfort,MS-020,Select one (temperature control),6
MS,Studios,Maker Space,Occupant Experience,Safety & Supervision,MS-021,What type of visibility is provided into the space from adjacent interior spaces or circulation?,0
MS,Studios,Maker Space,Occupant Experience,Safety & Supervision,MS-022,How much of the wall facing the adjacent interior space or circulation is made up of interior window?,0
MS,Studios,Maker Space,Occupant Experience,Safety & Supervision,MS-023,Select all that apply (safety),6
MS,Studios,Science,Amenities,Display & Presentation,SC-012,"How much writable surface (e.g., markerboard) is provided, excluding glass? Include both fixed and mobile writable surfaces.",6
MS,Studios,Science,Amenities,Display & Presentation,SC-013,Which built-in systems for displaying student work are provided?,0
MS,Studios,Science,Amenities,Display & Presentation,SC-014,How much tackboard/tackwall/tackstrip is provided? Include both fixed and mobile surfaces.,6
MS,Studios,Science,Amenities,Furniture & Equipment,SC-020,Select all that are present (furniture),0
MS,Studios,Science,Amenities,Furniture & Equipment,SC-021,How easily can the furniture be rearranged?,6
MS,Studios,Science,Amenities,Furniture & Equipment,SC-022,"How varied are the seating options for students (i.e., seating beyond standard hard chairs, such as soft or active seating)?",6
MS,Studios,Science,Amenities,Furniture & Equipment,SC-023,What is the condition of the furniture?,6
MS,Studios,Science,Amenities,Furniture & Equipment,SC-029,Is there a teacher demonstration station?,6
MS,Studios,Science,Amenities,Storage,SC-010,Select all that apply (storage),0
MS,Studios,Science,Amenities,Storage,SC-011,How sufficient does the storage appear for the space's program needs?,6
MS,Studios,Science,Function,Adjacency & Access,SC-025,What access does the space have to a collaboration space?,6
MS,Studios,Science,Function,Adjacency & Access,SC-026,What access does the space have to a small group room?,6
MS,Studios,Science,Function,Adjacency & Access,SC-027,Select all that are present (visibility into adjacent spaces),6
MS,Studios,Science,Function,Adjacency & Access,SC-028,What access does the space have to the exterior?,6
MS,Studios,Science,Function,Availability,SC-001,Is this space type present at the school?,0
MS,Studios,Science,Function,Circulation & Egress,SC-003,Does the science lab have a secondary door to the corridor?,6
MS,Studios,Science,Function,Layout & Flexibility,SC-002,Does the room shape allow for clear sightlines within the room and flexible room configuration options?,6
MS,Studios,Science,Infrastructure,Flooring & Surface Finishes,SC-024,What type of flooring is in the space?,6
MS,Studios,Science,Infrastructure,Utilities & Technology,SC-004,Select all that apply (lighting),6
MS,Studios,Science,Infrastructure,Utilities & Technology,SC-015,Are there any visible workarounds accommodating a lack of power outlets?,6
MS,Studios,Science,Infrastructure,Utilities & Technology,SC-030,How many student lab tables (seating approx. 4 students each) have a sink?,6
MS,Studios,Science,Infrastructure,Utilities & Technology,SC-031,Are laboratory faucets provided at all sinks in the lab?,6
MS,Studios,Science,Infrastructure,Utilities & Technology,SC-032,Select all that apply (science room utilities),6
MS,Studios,Science,Infrastructure,Utilities & Technology,SC-033,Select all that apply (general inventory),0
MS,Studios,Science,Observational,Observational,SC-034,"Can the science lab support inquiry, investigation, and authentic scientific learning? (select all that apply)",0
MS,Studios,Science,Occupant Experience,Aesthetics,SC-005,Which of the following describes the condition of the wall finishes?,6
MS,Studios,Science,Occupant Experience,Occupant Comfort,SC-006,Are there exterior windows?,6
MS,Studios,Science,Occupant Experience,Occupant Comfort,SC-007,"Is daylight accessible through another means (e.g., an interior window shared with a space that has exterior windows)?",6
MS,Studios,Science,Occupant Experience,Occupant Comfort,SC-008,Select all that apply (exterior windows),6
MS,Studios,Science,Occupant Experience,Occupant Comfort,SC-009,What window coverings are provided on exterior windows?,6
MS,Studios,Science,Occupant Experience,Occupant Comfort,SC-016,Select one (temperature control),6
MS,Studios,Science,Occupant Experience,Safety & Supervision,SC-017,What type of visibility is provided into the space from adjacent interior spaces or circulation?,6
MS,Studios,Science,Occupant Experience,Safety & Supervision,SC-018,How much of the wall facing the adjacent interior space or circulation is made up of interior window?,0
MS,Studios,Science,Occupant Experience,Safety & Supervision,SC-019,Select all that apply (safety),6
MS,Studios,Science Prep Room,Amenities,Storage,SI-003,How much casework is provided in the Science Prep room?,6
MS,Studios,Science Prep Room,Amenities,Storage,SI-004,How much countertop is provided in the Science Prep room?,6
MS,Studios,Science Prep Room,Function,Adjacency & Access,SI-001,What type of Science Prep room exists?,6
MS,Studios,Science Prep Room,Function,Circulation & Egress,SI-002,Does the science prep room have a secondary door to the corridor?,6
MS,Studios,Science Prep Room,Infrastructure,Utilities & Technology,SI-007,Select all that apply (prep room power and data),6
MS,Studios,Science Prep Room,Infrastructure,Utilities & Technology,SI-008,Select all that apply (science prep room),6
MS,Studios,Science Prep Room,Occupant Experience,Safety & Supervision,SI-005,"Is visibility provided into the prep room from the Science Lab (i.e., glass exists, even if currently covered)?",6
MS,Studios,Science Prep Room,Occupant Experience,Safety & Supervision,SI-006,What type of visibility is provided into the prep room from the Science Lab?,6
MS,Studios,Traditional Studio,Amenities,Display & Presentation,ST-011,"How much writable surface (e.g., markerboard) is provided, excluding glass? Include both fixed and mobile writable surfaces in your count.",6
MS,Studios,Traditional Studio,Amenities,Display & Presentation,ST-012,Which built-in systems for displaying student work are provided?,0
MS,Studios,Traditional Studio,Amenities,Display & Presentation,ST-013,How much tackboard/tackwall/tackstrip is provided? Include both fixed and mobile surfaces.,6
MS,Studios,Traditional Studio,Amenities,Furniture & Equipment,ST-023,Select all that are present (furniture),0
MS,Studios,Traditional Studio,Amenities,Furniture & Equipment,ST-024,How easily can the furniture be rearranged?,6
MS,Studios,Traditional Studio,Amenities,Furniture & Equipment,ST-025,"How varied are the seating options for students (i.e., are multiple seating types available)?",6
MS,Studios,Traditional Studio,Amenities,Furniture & Equipment,ST-026,What is the condition of the furniture?,6
MS,Studios,Traditional Studio,Amenities,Furniture & Equipment,ST-032,Select all that are present (general inventory),0
MS,Studios,Traditional Studio,Amenities,Storage,ST-016,Select all that apply (storage),0
MS,Studios,Traditional Studio,Amenities,Storage,ST-017,How sufficient does the storage appear for the space's program needs?,6
MS,Studios,Traditional Studio,Function,Adjacency & Access,ST-028,What access does the space have to a collaboration space?,6
MS,Studios,Traditional Studio,Function,Adjacency & Access,ST-029,What access does the space have to a small group room?,6
MS,Studios,Traditional Studio,Function,Adjacency & Access,ST-030,Select all that are present (visibility into adjacent spaces),6
MS,Studios,Traditional Studio,Function,Adjacency & Access,ST-031,What access does the space have to the exterior?,6
MS,Studios,Traditional Studio,Function,Availability,ST-001,Is this space type present at the school?,0
MS,Studios,Traditional Studio,Function,Layout & Flexibility,ST-002,Does the room shape allow for clear sightlines within the room and flexible room configuration options?,6
MS,Studios,Traditional Studio,Function,Layout & Flexibility,ST-003,"Is there a dedicated Peace Center within the studio (i.e., a furniture-based or designed ~25 SF space)?",6
MS,Studios,Traditional Studio,Infrastructure,Flooring & Surface Finishes,ST-027,What type of flooring is in the space?,6
MS,Studios,Traditional Studio,Infrastructure,Utilities & Technology,ST-004,Select all that apply (lighting),6
MS,Studios,Traditional Studio,Infrastructure,Utilities & Technology,ST-018,Are there any visible workarounds accommodating a lack of power outlets?,6
MS,Studios,Traditional Studio,Observational,Observational,ST-033,"Does the studio support whole-group instruction, small-group learning and independent learning? (check all that apply)",0
MS,Studios,Traditional Studio,Observational,Observational,ST-034,Select all that apply (Education Efficiency),0
MS,Studios,Traditional Studio,Occupant Experience,Aesthetics,ST-005,Which of the following describes the condition of the wall finishes?,6
MS,Studios,Traditional Studio,Occupant Experience,Occupant Comfort,ST-006,Are there exterior windows?,6
MS,Studios,Traditional Studio,Occupant Experience,Occupant Comfort,ST-007,"Is daylight accessible through another means (e.g., an interior window shared with a space that has exterior windows)?",6
MS,Studios,Traditional Studio,Occupant Experience,Occupant Comfort,ST-008,Select all that apply (exterior windows),6
MS,Studios,Traditional Studio,Occupant Experience,Occupant Comfort,ST-009,What window coverings are provided on exterior windows?,6
MS,Studios,Traditional Studio,Occupant Experience,Occupant Comfort,ST-019,Select one (temperature control),6
MS,Studios,Traditional Studio,Occupant Experience,Safety & Supervision,ST-020,What type of visibility is provided into the space from adjacent interior spaces or circulation?,6
MS,Studios,Traditional Studio,Occupant Experience,Safety & Supervision,ST-021,How much of the wall facing the adjacent interior space or circulation is made up of interior window?,0
MS,Studios,Traditional Studio,Occupant Experience,Safety & Supervision,ST-022,Select all that apply (safety),6
MS,Special Education,Sensory Motor Lab,Amenities,Furniture & Equipment,SN-015,Select all that apply (equipment),0
MS,Special Education,Sensory Motor Lab,Amenities,Storage,SN-008,Select all that apply (storage),0
MS,Special Education,Sensory Motor Lab,Amenities,Storage,SN-009,How sufficient does the storage appear for the space's program needs?,6
MS,Special Education,Sensory Motor Lab,Function,Layout & Flexibility,SN-001,Does the room shape allow for clear sightlines within the room and flexible room configuration options?,6
MS,Special Education,Sensory Motor Lab,Function,Layout & Flexibility,SN-018,Is there direct access to storage within or adjacent to the sensory motor lab for manipulatives?,6
MS,Special Education,Sensory Motor Lab,Infrastructure,Flooring & Surface Finishes,SN-017,What type of flooring is in the space?,6
MS,Special Education,Sensory Motor Lab,Infrastructure,Utilities & Technology,SN-002,Select all that apply (lighting),6
MS,Special Education,Sensory Motor Lab,Infrastructure,Utilities & Technology,SN-010,Are there any visible workarounds accommodating a lack of power outlets?,6
MS,Special Education,Sensory Motor Lab,Observational,Observational,SE-009,"Does the space support individual, one-to-one, and small-group sensory motor learning activities? (check all that apply)",0
MS,Special Education,Sensory Motor Lab,Occupant Experience,Aesthetics,SN-003,Which of the following describes the condition of the wall finishes?,6
MS,Special Education,Sensory Motor Lab,Occupant Experience,Occupant Comfort,SN-004,Are there exterior windows?,6
MS,Special Education,Sensory Motor Lab,Occupant Experience,Occupant Comfort,SN-005,"Is daylight accessible through another means (e.g., an interior window shared with a space that has exterior windows)?",6
MS,Special Education,Sensory Motor Lab,Occupant Experience,Occupant Comfort,SN-006,Select all that apply (exterior windows),6
MS,Special Education,Sensory Motor Lab,Occupant Experience,Occupant Comfort,SN-007,What window coverings are provided on exterior windows?,6
MS,Special Education,Sensory Motor Lab,Occupant Experience,Occupant Comfort,SN-011,Select one (temperature control),6
MS,Special Education,Sensory Motor Lab,Occupant Experience,Occupant Comfort,SN-016,Select all that apply (acoustic features),6
MS,Special Education,Sensory Motor Lab,Occupant Experience,Safety & Supervision,SN-012,What type of visibility is provided into the space from adjacent interior spaces or circulation?,6
MS,Special Education,Sensory Motor Lab,Occupant Experience,Safety & Supervision,SN-013,How much of the wall facing the adjacent interior space or circulation is made up of interior window?,0
MS,Special Education,Sensory Motor Lab,Occupant Experience,Safety & Supervision,SN-014,Select all that apply (safety),6
MS,Special Education,Special Education Suite,Amenities,Storage,SE-008,Select all that apply (4+ linear feet of casework),6
MS,Special Education,Special Education Suite,Function,Adjacency & Access,SE-004,Is the Special Education suite located in close proximity to central administration and the main entry?,6
MS,Special Education,Special Education Suite,Function,Availability,SE-002,Select all that apply (spaces checklist),6
MS,Special Education,Special Education Suite,Occupant Experience,Circulation & Egress,SE-006,Select all that apply (42-inch door opening),6
MS,Special Education,Special Education Suite,Occupant Experience,Safety & Supervision,SE-007,Select all that apply (visual privacy),6
MS,Special Education,SPED Flex Studio,Amenities,Display & Presentation,SP-024,"How much writable surface (e.g., markerboard) is provided, excluding glass? Include both fixed and mobile surfaces.",6
MS,Special Education,SPED Flex Studio,Amenities,Furniture & Equipment,SP-017,Select all that are present (furniture),0
MS,Special Education,SPED Flex Studio,Amenities,Furniture & Equipment,SP-018,How easily can the furniture be rearranged?,6
MS,Special Education,SPED Flex Studio,Amenities,Furniture & Equipment,SP-019,"How varied are the seating options for students (i.e., seating beyond standard hard chairs, such as soft or active seating)?",6
MS,Special Education,SPED Flex Studio,Amenities,Furniture & Equipment,SP-020,What is the condition of the furniture?,6
MS,Special Education,SPED Flex Studio,Amenities,Storage,SP-010,Select all that apply (storage),0
MS,Special Education,SPED Flex Studio,Amenities,Storage,SP-011,How sufficient does the storage appear for the space's program needs?,6
MS,Special Education,SPED Flex Studio,Function,Adjacency & Access,SP-002,Is the SPED flex studio integrated into the neighborhood?,6
MS,Special Education,SPED Flex Studio,Function,Adjacency & Access,SP-025,What restroom access is provided for the SPED Flex Studio suite?,6
MS,Special Education,SPED Flex Studio,Function,Availability,SP-001,Is this space type present at the school?,0
MS,Special Education,SPED Flex Studio,Function,Layout & Flexibility,SP-003,Does the room shape allow for clear sightlines within the room and flexible room configuration options?,6
MS,Special Education,SPED Flex Studio,Infrastructure,Flooring & Surface Finishes,SP-021,What type of flooring is in the space?,0
MS,Special Education,SPED Flex Studio,Infrastructure,Utilities & Technology,SP-004,Select all that apply (lighting),6
MS,Special Education,SPED Flex Studio,Infrastructure,Utilities & Technology,SP-012,Are there any visible workarounds accommodating a lack of power outlets?,6
MS,Special Education,SPED Flex Studio,Infrastructure,Utilities & Technology,SP-022,Select all that apply (plumbing),6
MS,Special Education,SPED Flex Studio,Observational,Observational,SP-027,"Can the environment support personalized learning, independence, and participation? (check all that apply)",0
MS,Special Education,SPED Flex Studio,Occupant Experience,Aesthetics,SP-005,Which of the following describes the condition of the wall finishes?,6
MS,Special Education,SPED Flex Studio,Occupant Experience,Occupant Comfort,SP-006,Are there exterior windows?,6
MS,Special Education,SPED Flex Studio,Occupant Experience,Occupant Comfort,SP-007,"Is daylight accessible through another means (e.g., an interior window shared with a space that has exterior windows)?",6
MS,Special Education,SPED Flex Studio,Occupant Experience,Occupant Comfort,SP-008,Select all that apply (exterior windows),6
MS,Special Education,SPED Flex Studio,Occupant Experience,Occupant Comfort,SP-009,What window coverings are provided on exterior windows?,6
MS,Special Education,SPED Flex Studio,Occupant Experience,Occupant Comfort,SP-013,Select one (temperature control),6
MS,Special Education,SPED Flex Studio,Occupant Experience,Occupant Comfort,SP-023,Select all that apply (acoustic features),6
MS,Special Education,SPED Flex Studio,Occupant Experience,Safety & Supervision,SP-014,What type of visibility is provided into the space from adjacent interior spaces or circulation?,6
MS,Special Education,SPED Flex Studio,Occupant Experience,Safety & Supervision,SP-015,How much of the wall facing the adjacent interior space or circulation is made up of interior window?,0
MS,Special Education,SPED Flex Studio,Occupant Experience,Safety & Supervision,SP-016,Select all that apply (safety),6
MS,Special Education,SPED Flex Studio,Occupant Experience,Safety & Supervision,SP-026,Does the restroom appear to be ADA-compliant?,6
MS,Special Education,Vocational Lab,Amenities,Display & Presentation,VO-022,"How much writable surface (e.g., markerboard) is provided, excluding glass? Include both fixed and mobile surfaces.",6
MS,Special Education,Vocational Lab,Amenities,Display & Presentation,VO-023,How much tackboard/tackwall is provided? Include both fixed and mobile surfaces.,6
MS,Special Education,Vocational Lab,Amenities,Furniture & Equipment,VO-015,Select all that apply (fixtures and equipment),0
MS,Special Education,Vocational Lab,Amenities,Furniture & Equipment,VO-016,Select all that are present (furniture),0
MS,Special Education,Vocational Lab,Amenities,Furniture & Equipment,VO-017,How easily can the furniture be rearranged?,6
MS,Special Education,Vocational Lab,Amenities,Furniture & Equipment,VO-018,"How varied are the seating options for students (i.e., seating beyond standard hard chairs, such as soft or active seating)?",6
MS,Special Education,Vocational Lab,Amenities,Furniture & Equipment,VO-019,What is the condition of the furniture?,6
MS,Special Education,Vocational Lab,Amenities,Storage,VO-008,Select all that apply (storage),0
MS,Special Education,Vocational Lab,Amenities,Storage,VO-009,How sufficient does the storage appear for the space's program needs?,6
MS,Special Education,Vocational Lab,Function,Layout & Flexibility,VO-001,Does the room shape allow for clear sightlines within the room and flexible room configuration options?,6
MS,Special Education,Vocational Lab,Function,Layout & Flexibility,VO-024,Select all that apply (proximities),6
MS,Special Education,Vocational Lab,Infrastructure,Flooring & Surface Finishes,VO-020,What type of flooring is in the space?,0
MS,Special Education,Vocational Lab,Infrastructure,Utilities & Technology,VO-002,Select all that apply (lighting),6
MS,Special Education,Vocational Lab,Infrastructure,Utilities & Technology,VO-010,Are there any visible workarounds accommodating a lack of power outlets?,6
MS,Special Education,Vocational Lab,Observational,Observational,VO-025,Does the environment provide realistic settings for practicing daily living skills? (check all that apply),0
MS,Special Education,Vocational Lab,Occupant Experience,Aesthetics,VO-003,Which of the following describes the condition of the wall finishes?,6
MS,Special Education,Vocational Lab,Occupant Experience,Occupant Comfort,VO-004,Are there exterior windows?,6
MS,Special Education,Vocational Lab,Occupant Experience,Occupant Comfort,VO-005,"Is daylight accessible through another means (e.g., an interior window shared with a space that has exterior windows)?",6
MS,Special Education,Vocational Lab,Occupant Experience,Occupant Comfort,VO-006,Select all that apply (exterior windows),6
MS,Special Education,Vocational Lab,Occupant Experience,Occupant Comfort,VO-007,What window coverings are provided on exterior windows?,6
MS,Special Education,Vocational Lab,Occupant Experience,Occupant Comfort,VO-011,Select one (temperature control),6
MS,Special Education,Vocational Lab,Occupant Experience,Occupant Comfort,VO-021,Select all that apply (acoustic features),6
MS,Special Education,Vocational Lab,Occupant Experience,Safety & Supervision,VO-012,What type of visibility is provided into the space from adjacent interior spaces or circulation?,6
MS,Special Education,Vocational Lab,Occupant Experience,Safety & Supervision,VO-013,How much of the wall facing the adjacent interior space or circulation is made up of interior window?,0
MS,Special Education,Vocational Lab,Occupant Experience,Safety & Supervision,VO-014,Select all that apply (safety),6
MS,Visual Arts,2D Art Studio,Amenities,Display & Presentation,TW-013,"How much writable surface (e.g., markerboard) is provided, excluding glass? Include both fixed and mobile writable surfaces in your count.",6
MS,Visual Arts,2D Art Studio,Amenities,Display & Presentation,TW-014,Which built-in systems for displaying student work are provided?,0
MS,Visual Arts,2D Art Studio,Amenities,Display & Presentation,TW-015,How much tackboard/tackwall/tackstrip is provided? Include both fixed and mobile surfaces.,6
MS,Visual Arts,2D Art Studio,Amenities,Display & Presentation,TW-016,How much display case is provided? Include both fixed and mobile surfaces.,6
MS,Visual Arts,2D Art Studio,Amenities,Furniture & Equipment,TW-022,How easily can the furniture be rearranged?,6
MS,Visual Arts,2D Art Studio,Amenities,Furniture & Equipment,TW-023,"How varied are the seating options for students (i.e., seating beyond standard hard chairs, such as soft or active seating)?",6
MS,Visual Arts,2D Art Studio,Amenities,Furniture & Equipment,TW-024,Select all that are present (furniture),0
MS,Visual Arts,2D Art Studio,Amenities,Furniture & Equipment,TW-025,What is the condition of the furniture?,6
MS,Visual Arts,2D Art Studio,Amenities,Storage,TW-009,Select all that apply (storage),0
MS,Visual Arts,2D Art Studio,Amenities,Storage,TW-010,How sufficient does the storage appear for the space's program needs?,6
MS,Visual Arts,2D Art Studio,Function,Adjacency & Access,TW-027,What access does the space have to the exterior?,6
MS,Visual Arts,2D Art Studio,Function,Adjacency & Access,TW-028,Does the exterior door provide access to an art patio or outdoor work area?,6
MS,Visual Arts,2D Art Studio,Function,Adjacency & Access,TW-031,Does the space have direct access or close proximity to the Visual Arts Professional Learning Center?,6
MS,Visual Arts,2D Art Studio,Function,Availability,TW-001,Is this space type present at the school?,0
MS,Visual Arts,2D Art Studio,Function,Availability,TW-030,How many art gallery display areas are visible throughout the building?,6
MS,Visual Arts,2D Art Studio,Function,Layout & Flexibility,TW-002,Does the room shape allow for clear sightlines within the room and flexible room configuration options?,6
MS,Visual Arts,2D Art Studio,Infrastructure,Flooring & Surface Finishes,TW-011,How much built-in casework is provided?,6
MS,Visual Arts,2D Art Studio,Infrastructure,Flooring & Surface Finishes,TW-012,How much countertop is provided? Include both fixed and mobile surfaces in your count.,6
MS,Visual Arts,2D Art Studio,Infrastructure,Flooring & Surface Finishes,TW-026,What type of flooring is in the space?,6
MS,Visual Arts,2D Art Studio,Infrastructure,Utilities & Technology,TW-003,Select all that apply (lighting),6
MS,Visual Arts,2D Art Studio,Infrastructure,Utilities & Technology,TW-017,Are there any visible workarounds accommodating a lack of power outlets?,6
MS,Visual Arts,2D Art Studio,Infrastructure,Utilities & Technology,TW-029,Select all that apply (plumbing),0
MS,Visual Arts,2D Art Studio,Observational,Observational,TW-032,"Can the visual arts environment support creation, critique, display, and portfolio development? (Check all that apply)",0
MS,Visual Arts,2D Art Studio,Occupant Experience,Aesthetics,TW-004,Which of the following describes the condition of the wall finishes?,6
MS,Visual Arts,2D Art Studio,Occupant Experience,Occupant Comfort,TW-005,Are there exterior windows?,6
MS,Visual Arts,2D Art Studio,Occupant Experience,Occupant Comfort,TW-006,"Is daylight accessible through another means (e.g., an interior window shared with a space that has exterior windows)?",6
MS,Visual Arts,2D Art Studio,Occupant Experience,Occupant Comfort,TW-007,Select all that apply (exterior windows),6
MS,Visual Arts,2D Art Studio,Occupant Experience,Occupant Comfort,TW-008,What window coverings are provided on exterior windows?,6
MS,Visual Arts,2D Art Studio,Occupant Experience,Occupant Comfort,TW-018,Select one (temperature control),6
MS,Visual Arts,2D Art Studio,Occupant Experience,Safety & Supervision,TW-019,What type of visibility is provided into the space from adjacent interior spaces or circulation?,6
MS,Visual Arts,2D Art Studio,Occupant Experience,Safety & Supervision,TW-020,How much of the wall facing the adjacent interior space or circulation is made up of interior window?,0
MS,Visual Arts,2D Art Studio,Occupant Experience,Safety & Supervision,TW-021,Select all that apply (safety),6
MS,Visual Arts,3D Art Studio,Amenities,Display & Presentation,TH-014,"How much writable surface (e.g., markerboard) is provided, excluding glass? Include both fixed and mobile writable surfaces in your count.",6
MS,Visual Arts,3D Art Studio,Amenities,Display & Presentation,TH-015,Which built-in systems for displaying student work are provided?,0
MS,Visual Arts,3D Art Studio,Amenities,Display & Presentation,TH-016,How much tackboard/tackwall/tackstrip is provided? Include both fixed and mobile surfaces.,6
MS,Visual Arts,3D Art Studio,Amenities,Display & Presentation,TH-017,How much display case is provided? Include both fixed and mobile surfaces.,6
MS,Visual Arts,3D Art Studio,Amenities,Furniture & Equipment,TH-023,How easily can the furniture be rearranged?,6
MS,Visual Arts,3D Art Studio,Amenities,Furniture & Equipment,TH-024,"How varied are the seating options for students (i.e., seating beyond standard hard chairs, such as soft or active seating)?",6
MS,Visual Arts,3D Art Studio,Amenities,Furniture & Equipment,TH-025,Select all that are present (furniture),0
MS,Visual Arts,3D Art Studio,Amenities,Furniture & Equipment,TH-026,What is the condition of the furniture?,6
MS,Visual Arts,3D Art Studio,Amenities,Storage,TH-010,Select all that apply (storage),0
MS,Visual Arts,3D Art Studio,Amenities,Storage,TH-011,How sufficient does the storage appear for the space's program needs?,6
MS,Visual Arts,3D Art Studio,Function,Adjacency & Access,TH-004,Select all that are present (spaces checklist),6
MS,Visual Arts,3D Art Studio,Function,Adjacency & Access,TH-028,What access does the space have to the exterior?,6
MS,Visual Arts,3D Art Studio,Function,Adjacency & Access,TH-029,Does the exterior door provide access to an art patio or outdoor work area?,6
MS,Visual Arts,3D Art Studio,Function,Adjacency & Access,TH-031,Does the space have direct access or close proximity to the Visual Arts Professional Learning Center?,6
MS,Visual Arts,3D Art Studio,Function,Availability,TH-001,Is this space type present at the school?,0
MS,Visual Arts,3D Art Studio,Function,Layout & Flexibility,TH-002,Does the room shape allow for clear sightlines within the room and flexible room configuration options?,6
MS,Visual Arts,3D Art Studio,Infrastructure,Flooring & Surface Finishes,TH-012,How much built-in casework is provided?,6
MS,Visual Arts,3D Art Studio,Infrastructure,Flooring & Surface Finishes,TH-013,How much countertop is provided? Include both fixed and mobile surfaces in your count.,6
MS,Visual Arts,3D Art Studio,Infrastructure,Flooring & Surface Finishes,TH-027,What type of flooring is in the space?,6
MS,Visual Arts,3D Art Studio,Infrastructure,Utilities & Technology,TH-003,Select all that apply (lighting),6
MS,Visual Arts,3D Art Studio,Infrastructure,Utilities & Technology,TH-018,Are there any visible workarounds accommodating a lack of power outlets?,6
MS,Visual Arts,3D Art Studio,Infrastructure,Utilities & Technology,TH-030,Select all that apply (plumbing),0
MS,Visual Arts,3D Art Studio,Observational,Observational,TH-032,Can the ceramic/3D arts environment support the complete creative process from design through finished work? (Check all that apply),0
MS,Visual Arts,3D Art Studio,Occupant Experience,Aesthetics,TH-005,Which of the following describes the condition of the wall finishes?,6
MS,Visual Arts,3D Art Studio,Occupant Experience,Occupant Comfort,TH-006,Are there exterior windows?,6
MS,Visual Arts,3D Art Studio,Occupant Experience,Occupant Comfort,TH-007,"Is daylight accessible through another means (e.g., an interior window shared with a space that has exterior windows)?",6
MS,Visual Arts,3D Art Studio,Occupant Experience,Occupant Comfort,TH-008,Select all that apply (exterior windows),6
MS,Visual Arts,3D Art Studio,Occupant Experience,Occupant Comfort,TH-009,What window coverings are provided on exterior windows?,6
MS,Visual Arts,3D Art Studio,Occupant Experience,Occupant Comfort,TH-019,Select one (temperature control),6
MS,Visual Arts,3D Art Studio,Occupant Experience,Safety & Supervision,TH-020,What type of visibility is provided into the space from adjacent interior spaces or circulation?,6
MS,Visual Arts,3D Art Studio,Occupant Experience,Safety & Supervision,TH-021,How much of the wall facing the adjacent interior space or circulation is made up of interior window?,0
MS,Visual Arts,3D Art Studio,Occupant Experience,Safety & Supervision,TH-022,Select all that apply (safety),6
MS,Visual Arts,Digital Art Studio,Amenities,Display & Presentation,DA-011,"How much writable surface (e.g., markerboard) is provided, excluding glass? Include both fixed and mobile writable surfaces in your count.",6
MS,Visual Arts,Digital Art Studio,Amenities,Display & Presentation,DA-012,Which built-in systems for displaying student work are provided?,0
MS,Visual Arts,Digital Art Studio,Amenities,Furniture & Equipment,DA-018,How easily can the furniture be rearranged?,6
MS,Visual Arts,Digital Art Studio,Amenities,Furniture & Equipment,DA-019,"How varied are the seating options for students (i.e., seating beyond standard hard chairs, such as soft or active seating)?",6
MS,Visual Arts,Digital Art Studio,Amenities,Furniture & Equipment,DA-020,Select all that are present (furniture),0
MS,Visual Arts,Digital Art Studio,Amenities,Furniture & Equipment,DA-021,What is the condition of the furniture?,6
MS,Visual Arts,Digital Art Studio,Amenities,Storage,DA-009,Select all that apply (storage),0
MS,Visual Arts,Digital Art Studio,Amenities,Storage,DA-010,How sufficient does the storage appear for the space's program needs?,6
MS,Visual Arts,Digital Art Studio,Function,Adjacency & Access,DA-023,What access does the space have to the exterior?,6
MS,Visual Arts,Digital Art Studio,Function,Adjacency & Access,DA-024,Does the exterior door provide access to an art patio or outdoor work area?,6
MS,Visual Arts,Digital Art Studio,Function,Adjacency & Access,DA-026,Does the space have direct access or close proximity to the Visual Arts Professional Learning Center?,6
MS,Visual Arts,Digital Art Studio,Function,Availability,DA-001,Is this space type present at the school?,0
MS,Visual Arts,Digital Art Studio,Function,Availability,DA-025,How many art gallery display areas are visible throughout the building?,6
MS,Visual Arts,Digital Art Studio,Function,Layout & Flexibility,DA-002,Does the room shape allow for clear sightlines within the room and flexible room configuration options?,6
MS,Visual Arts,Digital Art Studio,Infrastructure,Flooring & Surface Finishes,DA-022,What type of flooring is in the space?,6
MS,Visual Arts,Digital Art Studio,Infrastructure,Utilities & Technology,DA-003,Select all that apply (lighting),6
MS,Visual Arts,Digital Art Studio,Infrastructure,Utilities & Technology,DA-013,Are there any visible workarounds accommodating a lack of power outlets?,6
MS,Visual Arts,Digital Art Studio,Occupant Experience,Aesthetics,DA-004,Which of the following describes the condition of the wall finishes?,6
MS,Visual Arts,Digital Art Studio,Occupant Experience,Occupant Comfort,DA-005,Are there exterior windows?,6
MS,Visual Arts,Digital Art Studio,Occupant Experience,Occupant Comfort,DA-006,"Is daylight accessible through another means (e.g., an interior window shared with a space that has exterior windows)?",6
MS,Visual Arts,Digital Art Studio,Occupant Experience,Occupant Comfort,DA-007,Select all that apply (exterior windows),6
MS,Visual Arts,Digital Art Studio,Occupant Experience,Occupant Comfort,DA-008,What window coverings are provided on exterior windows?,6
MS,Visual Arts,Digital Art Studio,Occupant Experience,Occupant Comfort,DA-014,Select one (temperature control),6
MS,Visual Arts,Digital Art Studio,Occupant Experience,Safety & Supervision,DA-015,What type of visibility is provided into the space from adjacent interior spaces or circulation?,6
MS,Visual Arts,Digital Art Studio,Occupant Experience,Safety & Supervision,DA-016,How much of the wall facing the adjacent interior space or circulation is made up of interior window?,0
MS,Visual Arts,Digital Art Studio,Occupant Experience,Safety & Supervision,DA-017,Select all that apply (safety),6
MS,CTE,CTE Studio,Amenities,Display & Presentation,CT-011,"How much writable surface (e.g., markerboard) is provided, excluding glass? Include both fixed and mobile writable surfaces in your count.",6
MS,CTE,CTE Studio,Amenities,Display & Presentation,CT-012,Which built-in systems for displaying student work are provided?,0
MS,CTE,CTE Studio,Amenities,Display & Presentation,CT-013,How much tackboard/tackwall/tackstrip is provided? Include both fixed and mobile surfaces.,6
MS,CTE,CTE Studio,Amenities,Furniture & Equipment,CT-019,Select all that are present (furniture),0
MS,CTE,CTE Studio,Amenities,Furniture & Equipment,CT-021,How easily can the furniture be rearranged?,6
MS,CTE,CTE Studio,Amenities,Furniture & Equipment,CT-022,What is the condition of the furniture?,6
MS,CTE,CTE Studio,Amenities,Storage,CT-020,How sufficient does the storage appear for the space's program needs?,6
MS,CTE,CTE Studio,Function,Adjacency & Access,CT-002,What type of CTE space is this?,0
MS,CTE,CTE Studio,Function,Adjacency & Access,CT-003,"If paired with a CTE Lab, does the studio have close proximity with sightlines into the lab?",6
MS,CTE,CTE Studio,Function,Availability,CT-001,Is this space type present at the school?,0
MS,CTE,CTE Studio,Function,Layout & Flexibility,CT-004,Does the room shape allow for clear sightlines within the room and flexible room configuration options?,6
MS,CTE,CTE Studio,Infrastructure,Flooring & Surface Finishes,CT-023,What type of flooring is in the space?,6
MS,CTE,CTE Studio,Infrastructure,Utilities & Technology,CT-005,Select all that apply (lighting),6
MS,CTE,CTE Studio,Infrastructure,Utilities & Technology,CT-014,Are there any visible workarounds accommodating a lack of power outlets?,6
MS,CTE,CTE Studio,Infrastructure,Utilities & Technology,CT-024,Select all that apply (general inventory),0
MS,CTE,CTE Studio,Observational,Observational,CT-025,Can the CTE studio function as a flexible principles-level learning environment? (check all that apply),0
MS,CTE,CTE Studio,Occupant Experience,Aesthetics,CT-006,Which of the following describes the condition of the wall finishes?,6
MS,CTE,CTE Studio,Occupant Experience,Occupant Comfort,CT-007,Are there exterior windows?,6
MS,CTE,CTE Studio,Occupant Experience,Occupant Comfort,CT-008,"Is daylight accessible through another means (e.g., an interior window shared with a space that has exterior windows)?",6
MS,CTE,CTE Studio,Occupant Experience,Occupant Comfort,CT-009,Select all that apply (exterior windows),6
MS,CTE,CTE Studio,Occupant Experience,Occupant Comfort,CT-010,What window coverings are provided on exterior windows?,6
MS,CTE,CTE Studio,Occupant Experience,Occupant Comfort,CT-015,Select one (temperature control),6
MS,CTE,CTE Studio,Occupant Experience,Safety & Supervision,CT-016,What type of visibility is provided into the space from adjacent interior spaces or circulation?,6
MS,CTE,CTE Studio,Occupant Experience,Safety & Supervision,CT-017,How much of the wall facing the adjacent interior space or circulation is made up of interior window?,0
MS,CTE,CTE Studio,Occupant Experience,Safety & Supervision,CT-018,Select all that apply (safety),6
MS,CTE,Low Intensity Lab,Amenities,Display & Presentation,LI-016,"How much writable surface (e.g., markerboard) is provided, excluding glass? Include both fixed and mobile writable surfaces in your count.",6
MS,CTE,Low Intensity Lab,Amenities,Display & Presentation,LI-017,Which built-in systems for displaying student work are provided?,0
MS,CTE,Low Intensity Lab,Amenities,Display & Presentation,LI-018,How much tackboard/tackwall/tackstrip is provided? Include both fixed and mobile surfaces.,6
MS,CTE,Low Intensity Lab,Amenities,Furniture & Equipment,LI-024,Select all that are present (furniture),0
MS,CTE,Low Intensity Lab,Amenities,Furniture & Equipment,LI-025,How easily can the furniture be rearranged?,6
MS,CTE,Low Intensity Lab,Amenities,Furniture & Equipment,LI-026,What is the condition of the furniture?,6
MS,CTE,Low Intensity Lab,Amenities,Storage,LI-013,How sufficient does the storage appear for the space's program needs?,6
MS,CTE,Low Intensity Lab,Function,Adjacency & Access,LI-002,Does the space have close proximity to a CTE Studio to support concurrent use?,6
MS,CTE,Low Intensity Lab,Function,Availability,LI-001,Is this space type present at the school?,0
MS,CTE,Low Intensity Lab,Function,Layout & Flexibility,LI-003,Does the room shape allow for clear sightlines within the room and flexible room configuration options?,6
MS,CTE,Low Intensity Lab,Function,Utilities & Technology,LI-019,Is a utility sink provided?,6
MS,CTE,Low Intensity Lab,Infrastructure,Flooring & Surface Finishes,LI-014,How much casework is provided?,6
MS,CTE,Low Intensity Lab,Infrastructure,Flooring & Surface Finishes,LI-015,How much countertop is provided?,6
MS,CTE,Low Intensity Lab,Infrastructure,Flooring & Surface Finishes,LI-027,What type of flooring is in the space?,6
MS,CTE,Low Intensity Lab,Infrastructure,Utilities & Technology,LI-004,Select all that apply (lighting),6
MS,CTE,Low Intensity Lab,Infrastructure,Utilities & Technology,LI-020,How many floor outlets are provided?,6
MS,CTE,Low Intensity Lab,Infrastructure,Utilities & Technology,LI-021,Are there any visible workarounds accommodating a lack of power outlets?,6
MS,CTE,Low Intensity Lab,Infrastructure,Utilities & Technology,LI-028,Select all that apply (general inventory),0
MS,CTE,Low Intensity Lab,Observational,Observational,LI-030,Can the environment support authentic and applied learning experiences? (check all that apply),0
MS,CTE,Low Intensity Lab,Observational,Observational,LI-031,"Can the low-intensity lab support the intended pathway(s) and a variety of related instructional activities (e.g., Arts, Audio/Video Technology & Communications; Business, Management & Administration; Education & Training; Health Science; Hospitality & Tourism; Forensics; Multimedia/Digital Graphics; Gaming Design; and similar programs)? (check all that apply)",0
MS,CTE,Low Intensity Lab,Occupant Experience,Aesthetics,LI-005,Which of the following describes the condition of the wall finishes?,6
MS,CTE,Low Intensity Lab,Occupant Experience,Circulation & Egress,LI-022,"Is a 42"" or wider entry door from circulation provided?",6
MS,CTE,Low Intensity Lab,Occupant Experience,Occupant Comfort,LI-006,Are there exterior windows?,6
MS,CTE,Low Intensity Lab,Occupant Experience,Occupant Comfort,LI-007,"Is daylight accessible through another means (e.g., an interior window shared with a space that has exterior windows)?",6
MS,CTE,Low Intensity Lab,Occupant Experience,Occupant Comfort,LI-008,Select all that apply (exterior windows),6
MS,CTE,Low Intensity Lab,Occupant Experience,Occupant Comfort,LI-009,What window coverings are provided on exterior windows?,6
MS,CTE,Low Intensity Lab,Occupant Experience,Occupant Comfort,LI-023,Select one (temperature control),6
MS,CTE,Low Intensity Lab,Occupant Experience,Safety & Supervision,LI-010,What type of visibility is provided into the space from adjacent interior spaces or circulation?,6
MS,CTE,Low Intensity Lab,Occupant Experience,Safety & Supervision,LI-011,How much of the wall facing the adjacent interior space or circulation is made up of interior window?,0
MS,CTE,Low Intensity Lab,Occupant Experience,Safety & Supervision,LI-012,Select all that apply (safety),6
MS,CTE,Medium Intensity Lab,Amenities,Display & Presentation,MI-014,"How much writable surface (e.g., markerboard) is provided, excluding glass? Include both fixed and mobile writable surfaces in your count.",6
MS,CTE,Medium Intensity Lab,Amenities,Display & Presentation,MI-015,Which built-in systems for displaying student work are provided?,0
MS,CTE,Medium Intensity Lab,Amenities,Display & Presentation,MI-016,How much tackboard/tackwall/tackstrip is provided? Include both fixed and mobile surfaces.,6
MS,CTE,Medium Intensity Lab,Amenities,Furniture & Equipment,MI-022,Select all that are present (furniture),0
MS,CTE,Medium Intensity Lab,Amenities,Furniture & Equipment,MI-023,How easily can the furniture be rearranged?,6
MS,CTE,Medium Intensity Lab,Amenities,Furniture & Equipment,MI-024,What is the condition of the furniture?,6
MS,CTE,Medium Intensity Lab,Function,Adjacency & Access,MI-003,Is the space located on the ground floor?,0
MS,CTE,Medium Intensity Lab,Function,Adjacency & Access,MI-004,Does the space have close proximity to a CTE Studio to support concurrent use?,6
MS,CTE,Medium Intensity Lab,Function,Adjacency & Access,MI-026,What access does the space have to the exterior?,6
MS,CTE,Medium Intensity Lab,Function,Adjacency & Access,MI-027,"Is the lab located near an outdoor work space, if needed for the specific program?",6
MS,CTE,Medium Intensity Lab,Function,Availability,MI-001,Is this space type present at the school?,0
MS,CTE,Medium Intensity Lab,Infrastructure,Flooring & Surface Finishes,MI-002,Is the lab located in a double-height space?,0
MS,CTE,Medium Intensity Lab,Infrastructure,Flooring & Surface Finishes,MI-025,What type of flooring is in the space?,6
MS,CTE,Medium Intensity Lab,Infrastructure,Utilities & Technology,MI-005,Select all that apply (lighting),6
MS,CTE,Medium Intensity Lab,Infrastructure,Utilities & Technology,MI-017,How many ceiling-hung outlets are provided?,6
MS,CTE,Medium Intensity Lab,Infrastructure,Utilities & Technology,MI-018,Are there any visible workarounds accommodating a lack of power outlets?,6
MS,CTE,Medium Intensity Lab,Infrastructure,Utilities & Technology,MI-020,Select all that apply (plumbing),6
MS,CTE,Medium Intensity Lab,Infrastructure,Utilities & Technology,MI-021,"Are there exhaust fans present, and if so, have they been retrofitted?",6
MS,CTE,Medium Intensity Lab,Infrastructure,Utilities & Technology,MI-028,Select all that apply (general inventory),0
MS,CTE,Medium Intensity Lab,Observational,Observational,HI-038,Can the environment support authentic and applied learning experiences? (check all that apply),0
MS,CTE,Medium Intensity Lab,Observational,Observational,MI-030,Can the environment support authentic and applied learning experiences? (check all that apply),0
MS,CTE,Medium Intensity Lab,Observational,Observational,MI-031,"Can the medium intensity lab function as a flexible environment for multiple CTE programs (e.g., A/V Technology, Computer Repair, Robotics, Drones, Culinary Arts Simulation, Veterinary Simulation)? (check all that apply)",0
MS,CTE,Medium Intensity Lab,Occupant Experience,Aesthetics,MI-006,Which of the following describes the condition of the wall finishes?,6
MS,CTE,Medium Intensity Lab,Occupant Experience,Circulation & Egress,MI-019,Select all that apply (doors),6
MS,CTE,Medium Intensity Lab,Occupant Experience,Occupant Comfort,MI-007,Are there exterior windows?,6
MS,CTE,Medium Intensity Lab,Occupant Experience,Occupant Comfort,MI-008,"Is daylight accessible through another means (e.g., an interior window shared with a space that has exterior windows)?",6
MS,CTE,Medium Intensity Lab,Occupant Experience,Occupant Comfort,MI-009,Select all that apply (exterior windows),6
MS,CTE,Medium Intensity Lab,Occupant Experience,Occupant Comfort,MI-010,What window coverings are provided on exterior windows?,6
MS,CTE,Medium Intensity Lab,Occupant Experience,Safety & Supervision,MI-011,What type of visibility is provided into the space from adjacent interior spaces or circulation?,6
MS,CTE,Medium Intensity Lab,Occupant Experience,Safety & Supervision,MI-012,How much of the wall facing the adjacent interior space or circulation is made up of interior window?,0
MS,CTE,Medium Intensity Lab,Occupant Experience,Safety & Supervision,MI-013,Select all that apply (safety),6
MS,Performing Arts,Auditorium,Observational,Observational,AU-013,"Can the performance venue support educational, school, and community performances? (Check all that apply)",0
MS,Performing Arts,Dance,Amenities,Display & Presentation,DN-010,How much display case is provided?,6
MS,Performing Arts,Dance,Amenities,Furniture & Equipment,DN-016,Are there mirrors on the wall?,6
MS,Performing Arts,Dance,Amenities,Furniture & Equipment,DN-017,How many walls have mirrors?,6
MS,Performing Arts,Dance,Amenities,Furniture & Equipment,DN-018,Do the mirrors extend the full length of the wall(s) they're on?,6
MS,Performing Arts,Dance,Amenities,Furniture & Equipment,DN-019,How tall are the mirrors?,6
MS,Performing Arts,Dance,Amenities,Storage,DN-009,How sufficient does the storage appear for the space's program needs?,6
MS,Performing Arts,Dance,Function,Adjacency & Access,DN-003,Is the dance suite in close proximity to the Theater Arts spaces to support shared or combined locker/dressing spaces?,6
MS,Performing Arts,Dance,Function,Adjacency & Access,DN-004,Does the space have direct access to an outdoor area to support practice for outdoor performances like football games or Drill and Cheer practice?,6
MS,Performing Arts,Dance,Function,Adjacency & Access,DN-008,How many storage rooms are directly accessible from the dance rehearsal hall?,6
MS,Performing Arts,Dance,Function,Adjacency & Access,DN-020,What type of ballet barres are provided?,6
MS,Performing Arts,Dance,Function,Adjacency & Access,DN-027,What access does the space have to Dance Girls Locker Room?,6
MS,Performing Arts,Dance,Function,Adjacency & Access,DN-028,What access does the space have to Dance Boys Locker Room?,6
MS,Performing Arts,Dance,Function,Adjacency & Access,DN-029,What access does the space have to Dance All-Learner Locker Room?,6
MS,Performing Arts,Dance,Function,Availability,DN-001,Is this space type present at the school?,0
MS,Performing Arts,Dance,Function,Availability,DN-002,Select all that are present (spaces checklist),6
MS,Performing Arts,Dance,Function,Layout & Flexibility,DN-005,Select all that are present,6
MS,Performing Arts,Dance,Function,Layout & Flexibility,DN-006,The space has a minimum clear floor space (floor to underside of ceiling/structure) of 16'?,6
MS,Performing Arts,Dance,Infrastructure,Flooring & Surface Finishes,DN-015,Is the flooring wood athletic flooring?,6
MS,Performing Arts,Dance,Infrastructure,Utilities & Technology,DN-007,Select all that apply (lighting),6
MS,Performing Arts,Dance,Infrastructure,Utilities & Technology,DN-011,Are there any visible workarounds accommodating a lack of power outlets?,6
MS,Performing Arts,Dance,Infrastructure,Utilities & Technology,DN-021,Select all that are present (water),6
MS,Performing Arts,Dance,Infrastructure,Utilities & Technology,DN-030,Is there an integrated sound system?,6
MS,Performing Arts,Dance,Observational,Observational,DN-031,"Can the dance environment support movement-based learning, choreography, rehearsal, and performance preparation? (Check all that apply)",0
MS,Performing Arts,Dance,Observational,Observational,DN-032,Can the environment support dance performance preparation and collaborative creative work? (Check all that apply),0
MS,Performing Arts,Dance,Occupant Experience,Occupant Comfort,DN-012,Select one (temperature control),6
MS,Performing Arts,Dance,Occupant Experience,Occupant Comfort,DN-022,Are there exterior windows?,6
MS,Performing Arts,Dance,Occupant Experience,Occupant Comfort,DN-023,"Is daylight accessible through another means (e.g., an interior window shared with a space that has exterior windows)?",6
MS,Performing Arts,Dance,Occupant Experience,Occupant Comfort,DN-024,Select all that apply (exterior windows),6
MS,Performing Arts,Dance,Occupant Experience,Occupant Comfort,DN-025,What window coverings are provided on exterior windows?,6
MS,Performing Arts,Dance,Occupant Experience,Safety & Supervision,DN-013,What type of visibility is provided into the space from adjacent interior spaces or circulation?,6
MS,Performing Arts,Dance,Occupant Experience,Safety & Supervision,DN-014,How much of the wall facing the adjacent interior space or circulation is made up of interior window?,0
MS,Performing Arts,Dance,Occupant Experience,Safety & Supervision,DN-026,Select all that apply (safety),6
MS,Performing Arts,Music Suite,Amenities,Display & Presentation,MT-017,"How much writable surface (e.g., markerboard) is provided in the practice rooms, excluding glass?",6
MS,Performing Arts,Music Suite,Amenities,Storage,MT-004,What type of storage is provided in the Music Suite?,0
MS,Performing Arts,Music Suite,Amenities,Storage,MT-006,How sufficient does the storage appear for the space's program needs?,6
MS,Performing Arts,Music Suite,Amenities,Storage,MT-007,Where are instruments being stored?,6
MS,Performing Arts,Music Suite,Amenities,Storage,MT-010,How much casework is provided in the Music Library & Workroom?,6
MS,Performing Arts,Music Suite,Amenities,Storage,MT-011,How much countertop is provided in the Music Library & Workroom?,6
MS,Performing Arts,Music Suite,Function,Adjacency & Access,MT-008,Is the instrument storage space directly accessible from the music rehearsal hall?,6
MS,Performing Arts,Music Suite,Function,Availability,MT-001,Select all that are present (spaces checklist),0
MS,Performing Arts,Music Suite,Function,Availability,MT-002,How many rehearsal halls are in the Music Suite?,6
MS,Performing Arts,Music Suite,Function,Availability,MT-013,Are practice rooms dispersed throughout the music wing and accessible from corridors to ensure equitable use by all music programs?,6
MS,Performing Arts,Music Suite,Function,Availability,MT-014,How many of the practice rooms have direct sightlines from the primary circulation?,6
MS,Performing Arts,Music Suite,Function,Layout & Flexibility,MT-018,Does the medium practice room have a minimum clear floor space (floor to underside of ceiling/structure) of 12'?,6
MS,Performing Arts,Music Suite,Function,Layout & Flexibility,MT-019,Do the small practice rooms have a minimum clear floor space (floor to underside of ceiling/structure) of 12'?,6
MS,Performing Arts,Music Suite,Observational,Observational,MT-020,"Can the Practice Rooms support independent practice, collaboration, and creative development? (Check all that apply)",0
MS,Performing Arts,Music Suite,Occupant Experience,Circulation & Egress,MT-003,Does the circulation space in the music suite provide sufficient circulation for large numbers of learners moving to and from the Rehearsal Halls?,6
MS,Performing Arts,Music Suite,Occupant Experience,Occupant Comfort,MT-015,What type of acoustic treatment is in the practice rooms?,0
MS,Performing Arts,Music Suite,Occupant Experience,Occupant Comfort,MT-016,How many walls have acoustic treatment in the practice rooms?,6
MS,Performing Arts,Rehearsal Hall,Amenities,Display & Presentation,RH-011,"How much writable surface (e.g., markerboard) is provided, excluding glass? Include both fixed and mobile writable surfaces in your count.",6
MS,Performing Arts,Rehearsal Hall,Amenities,Display & Presentation,RH-012,How much display case is provided?,6
MS,Performing Arts,Rehearsal Hall,Amenities,Display & Presentation,RH-013,Are a motorized projection screen and ceiling/wall-mounted projector provided in the rehearsal hall?,6
MS,Performing Arts,Rehearsal Hall,Amenities,Furniture & Equipment,RH-009,Select all that are present (equipment),0
MS,Performing Arts,Rehearsal Hall,Amenities,Storage,RH-008,Select all that apply (storage),0
MS,Performing Arts,Rehearsal Hall,Amenities,Storage,RH-010,How much casework is provided in the space?,6
MS,Performing Arts,Rehearsal Hall,Function,Layout & Flexibility,RH-001,What size rehearsal hall is this?,0
MS,Performing Arts,Rehearsal Hall,Function,Layout & Flexibility,RH-002,The large rehearsal hall has a minimum clear floor space (floor to underside of ceiling/structure) of 20'?,6
MS,Performing Arts,Rehearsal Hall,Function,Layout & Flexibility,RH-003,The medium rehearsal hall has a minimum clear floor space (floor to underside of ceiling/structure) of 18'?,6
MS,Performing Arts,Rehearsal Hall,Function,Layout & Flexibility,RH-004,The small rehearsal hall has a minimum clear floor space (floor to underside of ceiling/structure) of 16'?,6
MS,Performing Arts,Rehearsal Hall,Infrastructure,Flooring & Surface Finishes,RH-017,What type of flooring is in the space?,6
MS,Performing Arts,Rehearsal Hall,Infrastructure,Utilities & Technology,RH-007,Select all that apply (lighting),6
MS,Performing Arts,Rehearsal Hall,Infrastructure,Utilities & Technology,RH-014,Are there any visible workarounds accommodating a lack of power outlets?,6
MS,Performing Arts,Rehearsal Hall,Infrastructure,Utilities & Technology,RH-023,Select all that are present (water),6
MS,Performing Arts,Rehearsal Hall,Observational,Observational,RH-024,"Can the Band Hall support rehearsal, performance preparation, and ensemble development? (Check all that apply)",0
MS,Performing Arts,Rehearsal Hall,Observational,Observational,RH-025,"Can the Orchestra Hall support rehearsal, performance preparation, and ensemble development? (Check all that apply)",0
MS,Performing Arts,Rehearsal Hall,Observational,Observational,RH-026,"Can the Choir Hall support vocal instruction, rehearsal, and performance preparation? (Check all that apply)",0
MS,Performing Arts,Rehearsal Hall,Occupant Experience,Circulation & Egress,RH-022,"Is at least one interior door a minimum of 84"" wide?",6
MS,Performing Arts,Rehearsal Hall,Occupant Experience,Occupant Comfort,RH-005,What type of acoustic treatment is in the rehearsal hall?,0
MS,Performing Arts,Rehearsal Hall,Occupant Experience,Occupant Comfort,RH-006,How many walls have acoustic treatment in the rehearsal hall?,6
MS,Performing Arts,Rehearsal Hall,Occupant Experience,Occupant Comfort,RH-015,Select one (temperature control),6
MS,Performing Arts,Rehearsal Hall,Occupant Experience,Occupant Comfort,RH-018,Are there exterior windows?,6
MS,Performing Arts,Rehearsal Hall,Occupant Experience,Occupant Comfort,RH-019,"Is daylight accessible through another means (e.g., an interior window shared with a space that has exterior windows)?",6
MS,Performing Arts,Rehearsal Hall,Occupant Experience,Occupant Comfort,RH-020,Select all that apply (exterior windows),6
MS,Performing Arts,Rehearsal Hall,Occupant Experience,Occupant Comfort,RH-021,What window coverings are provided on exterior windows?,6
MS,Performing Arts,Rehearsal Hall,Occupant Experience,Safety & Supervision,RH-016,Select all that apply (safety),6
MS,Performing Arts,Theater Arts Studio,Amenities,Display & Presentation,TA-010,"How much writable surface (e.g., markerboard) is provided, excluding glass? Include both fixed and mobile writable surfaces in your count.",6
MS,Performing Arts,Theater Arts Studio,Amenities,Display & Presentation,TA-011,Which built-in systems for displaying student work are provided?,0
MS,Performing Arts,Theater Arts Studio,Amenities,Display & Presentation,TA-012,How much tackboard/tackwall/tackstrip is provided? Include both fixed and mobile surfaces.,6
MS,Performing Arts,Theater Arts Studio,Amenities,Storage,TA-008,Select all that apply (storage),0
MS,Performing Arts,Theater Arts Studio,Amenities,Storage,TA-009,How sufficient does the storage appear for the space's program needs?,6
MS,Performing Arts,Theater Arts Studio,Function,Adjacency & Access,TA-019,Is the Theater Arts Studio adjacent or in close proximity to the stage?,6
MS,Performing Arts,Theater Arts Studio,Function,Adjacency & Access,TA-020,Is the Theater Arts Studio located in close proximity to the Empower Center?,6
MS,Performing Arts,Theater Arts Studio,Function,Adjacency & Access,TA-021,How many storage rooms are directly accessible from the theater arts studio?,6
MS,Performing Arts,Theater Arts Studio,Function,Availability,TA-001,Is this space type present at the school?,0
MS,Performing Arts,Theater Arts Studio,Infrastructure,Flooring & Surface Finishes,TA-018,What type of flooring is in the space?,6
MS,Performing Arts,Theater Arts Studio,Infrastructure,Utilities & Technology,TA-002,Select all that apply (lighting),6
MS,Performing Arts,Theater Arts Studio,Infrastructure,Utilities & Technology,TA-013,Are there any visible workarounds accommodating a lack of power outlets?,6
MS,Performing Arts,Theater Arts Studio,Observational,Observational,TA-023,"Can the theater arts environment support acting, directing, design, and production-based learning? (Check all that apply)",0
MS,Performing Arts,Theater Arts Studio,Occupant Experience,Aesthetics,TA-003,Which of the following describes the condition of the wall finishes?,6
MS,Performing Arts,Theater Arts Studio,Occupant Experience,Occupant Comfort,TA-004,Are there exterior windows?,6
MS,Performing Arts,Theater Arts Studio,Occupant Experience,Occupant Comfort,TA-005,"Is daylight accessible through another means (e.g., an interior window shared with a space that has exterior windows)?",6
MS,Performing Arts,Theater Arts Studio,Occupant Experience,Occupant Comfort,TA-006,Select all that apply (exterior windows),6
MS,Performing Arts,Theater Arts Studio,Occupant Experience,Occupant Comfort,TA-007,What window coverings are provided on exterior windows?,6
MS,Performing Arts,Theater Arts Studio,Occupant Experience,Occupant Comfort,TA-014,Select one (temperature control),6
MS,Performing Arts,Theater Arts Studio,Occupant Experience,Safety & Supervision,TA-015,What type of visibility is provided into the space from adjacent interior spaces or circulation?,6
MS,Performing Arts,Theater Arts Studio,Occupant Experience,Safety & Supervision,TA-016,How much of the wall facing the adjacent interior space or circulation is made up of interior window?,0
MS,Performing Arts,Theater Arts Studio,Occupant Experience,Safety & Supervision,TA-017,Select all that apply (safety),6
MS,Neighborhoods,Group Room,Amenities,Display & Presentation,GR-003,How many linear feet of writable surface is provided?,6
MS,Neighborhoods,Group Room,Amenities,Furniture & Equipment,GR-007,Select all that are present (furniture),0
MS,Neighborhoods,Group Room,Amenities,Furniture & Equipment,GR-008,How easily can the furniture be rearranged?,6
MS,Neighborhoods,Group Room,Amenities,Furniture & Equipment,GR-009,What is the condition of the furniture?,6
MS,Neighborhoods,Group Room,Function,Availability,GR-001,Is this space type present at the school?,0
MS,Neighborhoods,Group Room,Infrastructure,Utilities & Technology,GR-002,Select all that apply (lighting),6
MS,Neighborhoods,Group Room,Infrastructure,Utilities & Technology,GR-004,Are there any visible workarounds accommodating a lack of power outlets?,6
MS,Neighborhoods,Group Room,Observational,Observational,GR-010,Is there observable evidence that group rooms function as shared instructional resources? (check all that apply),0
MS,Neighborhoods,Group Room,Observational,Observational,GR-011,Select all that apply (Education Efficiency),0
MS,Neighborhoods,Group Room,Occupant Experience,Safety & Supervision,GR-005,What type of visibility is provided into the space from adjacent interior spaces or circulation?,6
MS,Neighborhoods,Group Room,Occupant Experience,Safety & Supervision,GR-006,How much of the wall facing the adjacent interior space or circulation is made up of interior window?,0
MS,Neighborhoods,Neighborhood,Function,Adjacency & Access,NH-009,Are the small group rooms distributed throughout the neighborhood so that all studios have similarly convenient access?,6
MS,Neighborhoods,Neighborhood,Function,Adjacency & Access,NH-012,Where is a learner restroom located relative to the neighborhood?,6
MS,Neighborhoods,Neighborhood,Function,Adjacency & Access,NH-013,Where is an adult restroom located relative to the neighborhood?,6
MS,Neighborhoods,Neighborhood,Function,Adjacency & Access,NH-014,Select all that apply (neighborhood adjacency),6
MS,Neighborhoods,Neighborhood,Function,Availability,NH-001,Is this space type present at the school?,0
MS,Neighborhoods,Neighborhood,Function,Availability,NH-005,Select all that are present (spaces checklist),6
MS,Neighborhoods,Neighborhood,Function,Availability,NH-008,How many small group rooms (fits 3-5 students) are in the neighborhood?,6
MS,Neighborhoods,Neighborhood,Function,Layout & Flexibility,NH-003,Does main circulation avoid traveling through the neighborhood to limit opportunities for disruption?,6
MS,Neighborhoods,Neighborhood,Infrastructure,Layout & Flexibility,NH-015,How many operable partitions (between studios and/or open collaboration spaces) does the neighborhood have?,6
MS,Neighborhoods,Neighborhood,Observational,Observational,NH-016,Can the neighborhood function as a space for student social emotional regulation? (Check all that apply),0
MS,Neighborhoods,Neighborhood,Observational,Observational,NH-017,Can the neighborhood function as a collaborative learning community? (Check all that apply),0
MS,Neighborhoods,Neighborhood,Observational,Observational,NH-018,Is there evidence that shared learning spaces within the neighborhood are actively used for instruction and collaboration? (check all that apply),0
MS,Neighborhoods,Neighborhood,Observational,Observational,NH-019,All-learner restrooms have been gendered through signage.,0
MS,Neighborhoods,Neighborhood,Occupant Experience,Safety & Supervision,NH-002,Select all that apply (neighborhood security),6
MS,Neighborhoods,Open Collaboration,Amenities,Display & Presentation,OC-003,"How much writable surface (e.g., markerboard) is provided, excluding glass? Include both fixed and mobile writable surfaces.",6
MS,Neighborhoods,Open Collaboration,Amenities,Furniture & Equipment,OC-007,Select all that are present (furniture),0
MS,Neighborhoods,Open Collaboration,Amenities,Furniture & Equipment,OC-008,How easily can the furniture be rearranged?,6
MS,Neighborhoods,Open Collaboration,Amenities,Furniture & Equipment,OC-009,"How varied are the seating options for students (i.e., seating beyond standard hard chairs, such as soft or active seating)?",6
MS,Neighborhoods,Open Collaboration,Amenities,Furniture & Equipment,OC-010,What is the condition of the furniture?,6
MS,Neighborhoods,Open Collaboration,Function,Adjacency & Access,OC-006,What portion of all studios in the neighborhood have direct access to the open collaboration space?,6
MS,Neighborhoods,Open Collaboration,Function,Availability,OC-001,Is this space type present at the school?,0
MS,Neighborhoods,Open Collaboration,Infrastructure,Flooring & Surface Finishes,OC-011,What type of flooring is in the space?,6
MS,Neighborhoods,Open Collaboration,Infrastructure,Utilities & Technology,OC-004,Are there any visible workarounds accommodating a lack of power outlets?,6
MS,Neighborhoods,Open Collaboration,Infrastructure,Utilities & Technology,OC-012,Select all that are present (water access),6
MS,Neighborhoods,Open Collaboration,Observational,Observational,OC-013,Select all that apply (Education Efficiency),0
MS,Neighborhoods,Open Collaboration,Occupant Experience,Safety & Supervision,OC-005,What type of visibility do neighboring studios have into the space?,6
MS,Athletics and Wellness,Athletics Wing,Amenities,Storage,AT-005,How many storage rooms are provided?,6
MS,Athletics and Wellness,Athletics Wing,Function,Adjacency & Access,AT-002,Does the athletics wing provide direct access to the outdoor athletics area?,6
MS,Athletics and Wellness,Athletics Wing,Function,Availability,AT-003,Select all that are present (spaces checklist),6
MS,Athletics and Wellness,Athletics Wing,Function,Availability,AT-007,How many Athletics and Wellness PLCs are provided?,6
MS,Athletics and Wellness,Athletics Wing,Function,Layout & Flexibility,AT-001,Select all that apply (after-hours access),6
MS,Athletics and Wellness,Locker Room,Function,Adjacency & Access,LR-004,Select all that apply (access),6
MS,Athletics and Wellness,Locker Room,Function,Availability,LR-001,Is this space type present at the school?,0
MS,Athletics and Wellness,Locker Room,Function,Availability,LR-002,Select all that are present:,6
MS,Athletics and Wellness,Locker Room,Infrastructure,Utilities & Technology,LR-005,Select all that apply (plumbing),6
MS,Athletics and Wellness,Locker Room,Occupant Experience,Safety & Supervision,LR-003,Are the locker rooms secure and lockable when not in use?,6
MS,Athletics and Wellness,Multi-Purpose Gym,Amenities,Display & Presentation,MG-012,"How much writable surface (e.g., markerboard) is provided, excluding glass? Include both fixed and mobile surfaces.",6
MS,Athletics and Wellness,Multi-Purpose Gym,Amenities,Display & Presentation,MG-014,Select all that apply (presentation technology),6
MS,Athletics and Wellness,Multi-Purpose Gym,Amenities,Furniture & Equipment,MG-015,How many pairs of motorized basketball backboards are provided?,6
MS,Athletics and Wellness,Multi-Purpose Gym,Amenities,Furniture & Equipment,MG-016,How many electronic scoreboards are provided?,6
MS,Athletics and Wellness,Multi-Purpose Gym,Amenities,Storage,MG-017,Is there an ensuite equipment storage room?,6
MS,Athletics and Wellness,Multi-Purpose Gym,Function,Adjacency & Access,MG-018,Is there direct access to the athletics lobby to support safe and efficient circulation in surge space?,6
MS,Athletics and Wellness,Multi-Purpose Gym,Function,Availability,MG-001,Is this space type present at the school?,0
MS,Athletics and Wellness,Multi-Purpose Gym,Function,Layout & Flexibility,MG-002,Does the multipurpose gym provide one main court and two cross-courts for both basketball and volleyball?,6
MS,Athletics and Wellness,Multi-Purpose Gym,Function,Layout & Flexibility,MG-005,What is the status of main court bleacher seating?,6
MS,Athletics and Wellness,Multi-Purpose Gym,Function,Layout & Flexibility,MG-006,Are cross-court bleachers provided?,0
MS,Athletics and Wellness,Multi-Purpose Gym,Function,Layout & Flexibility,MG-007,Does the space have a minimum clear floor space (floor to underside of ceiling/structure) of 16'?,6
MS,Athletics and Wellness,Multi-Purpose Gym,Function,Layout & Flexibility,MG-008,"Select all that apply for basketball full court (clearance, measured from sideline to closest wall or bleachers)",6
MS,Athletics and Wellness,Multi-Purpose Gym,Function,Layout & Flexibility,MG-009,"Select all that apply basketball cross courts (clearance, measured from sideline to closest wall or bleachers)",6
MS,Athletics and Wellness,Multi-Purpose Gym,Function,Layout & Flexibility,MG-010,Is there water directly adjacent to or in close proximity to the gym? Select all that apply.,6
MS,Athletics and Wellness,Multi-Purpose Gym,Function,Layout & Flexibility,MG-011,Is there a restroom directly adjacent to or in close proximity to the gym? Select all that apply.,6
MS,Athletics and Wellness,Multi-Purpose Gym,Infrastructure,Flooring & Surface Finishes,MG-004,Is the flooring wood athletic flooring?,6
MS,Athletics and Wellness,Multi-Purpose Gym,Infrastructure,Utilities & Technology,MG-013,Are there any visible workarounds accommodating a lack of power outlets?,6
MS,Athletics and Wellness,Multi-Purpose Gym,Infrastructure,Utilities & Technology,MG-019,Select all that apply (scoring table floor box),6
MS,Athletics and Wellness,Multi-Purpose Gym,Observational,Observational,MG-020,"Are flexible spaces available to support daily PE classes, athletic team practices, and competitive events for all sports? (check all that apply)",0
MS,Athletics and Wellness,Multi-Purpose Gym,Occupant Experience,Circulation & Egress,MG-003,"Is at least one door a minimum of 72"" wide?",6
MS,Athletics and Wellness,Outdoor Athletics,Amenities,Furniture & Equipment,OA-013,Select all that are present (track and field areas),6
MS,Athletics and Wellness,Outdoor Athletics,Amenities,Storage,OA-011,How sufficient does the storage appear for the space's program needs?,6
MS,Athletics and Wellness,Outdoor Athletics,Amenities,Storage,OA-021,How sufficient does the storage appear for the space's program needs?,6
MS,Athletics and Wellness,Outdoor Athletics,Amenities,Storage,OA-029,How sufficient does the storage appear for the space's program needs?,6
MS,Athletics and Wellness,Outdoor Athletics,Function,Adjacency & Access,OA-007,Is there direct pedestrian access from the parking lot to the football/soccer field?,6
MS,Athletics and Wellness,Outdoor Athletics,Function,Adjacency & Access,OA-008,Is there restroom access within 500 feet of the football/soccer field?,6
MS,Athletics and Wellness,Outdoor Athletics,Function,Adjacency & Access,OA-019,Is there direct pedestrian access from the parking lot to the track and field event areas?,6
MS,Athletics and Wellness,Outdoor Athletics,Function,Adjacency & Access,OA-020,Is there restroom access within 500 feet of the track and field event areas?,6
MS,Athletics and Wellness,Outdoor Athletics,Function,Adjacency & Access,OA-025,Is there direct pedestrian access from the parking lot to the tennis courts?,6
MS,Athletics and Wellness,Outdoor Athletics,Function,Adjacency & Access,OA-026,Is there restroom access within 500 feet of the tennis courts?,6
MS,Athletics and Wellness,Outdoor Athletics,Function,Availability,OA-001,Is there a football/soccer field?,6
MS,Athletics and Wellness,Outdoor Athletics,Function,Availability,OA-003,Is there a flat grass playfield (separate from the football/soccer field)?,6
MS,Athletics and Wellness,Outdoor Athletics,Function,Availability,OA-012,Is there a track and field event area?,6
MS,Athletics and Wellness,Outdoor Athletics,Function,Availability,OA-015,Is there a clear line of sight from the track to most field event areas?,6
MS,Athletics and Wellness,Outdoor Athletics,Function,Availability,OA-022,Are there tennis courts?,6
MS,Athletics and Wellness,Outdoor Athletics,Function,Availability,OA-023,How many tennis courts are provided?,6
MS,Athletics and Wellness,Outdoor Athletics,Function,Layout & Flexibility,OA-016,How many lanes does the track have?,6
MS,Athletics and Wellness,Outdoor Athletics,Function,Layout & Flexibility,OA-018,Is the track a standard 400-meter distance?,6
MS,Athletics and Wellness,Outdoor Athletics,Infrastructure,Utilities & Technology,OA-009,Is field lighting provided at the football/soccer field?,6
MS,Athletics and Wellness,Outdoor Athletics,Infrastructure,Utilities & Technology,OA-027,Is field lighting provided at the tennis courts?,6
MS,Athletics and Wellness,Practice Gym,Amenities,Display & Presentation,PG-008,"How much writable surface (e.g., markerboard) is provided, excluding glass? Include both fixed and mobile surfaces.",6
MS,Athletics and Wellness,Practice Gym,Amenities,Storage,PG-010,Is there an ensuite equipment storage room?,6
MS,Athletics and Wellness,Practice Gym,Function,Adjacency & Access,PG-011,Is there direct access to the athletics lobby to support safe and efficient circulation in surge space?,6
MS,Athletics and Wellness,Practice Gym,Function,Availability,PG-001,Is this space type present at the school?,0
MS,Athletics and Wellness,Practice Gym,Function,Availability,PG-013,"Are flexible spaces available to support daily PE classes, athletic team practices, and competitive events for all sports? (check all that apply)",0
MS,Athletics and Wellness,Practice Gym,Function,Layout & Flexibility,PG-002,Does the practice gym provide one main court and two cross-courts for both basketball and volleyball?,6
MS,Athletics and Wellness,Practice Gym,Function,Layout & Flexibility,PG-005,What is the status of main court bleacher seating?,6
MS,Athletics and Wellness,Practice Gym,Function,Layout & Flexibility,PG-006,Does the space have a minimum clear floor space (floor to underside of ceiling/structure) of 16'?,6
MS,Athletics and Wellness,Practice Gym,Function,Layout & Flexibility,PG-007,"Select all that apply for basketball full court (clearance, measured from sideline to closest wall or bleachers)",6
MS,Athletics and Wellness,Practice Gym,Infrastructure,Flooring & Surface Finishes,PG-004,Is the flooring wood athletic flooring?,6
MS,Athletics and Wellness,Practice Gym,Infrastructure,Utilities & Technology,PG-009,Are there any visible workarounds accommodating a lack of power outlets?,6
MS,Athletics and Wellness,Practice Gym,Infrastructure,Utilities & Technology,PG-012,Select all that apply (scoring table floor box),6
MS,Athletics and Wellness,Practice Gym,Occupant Experience,Circulation & Egress,PG-003,"Is at least one door a minimum of 72"" wide?",6
MS,Athletics and Wellness,Weight Room,Amenities,Furniture & Equipment,WE-004,Select all that are present:,6
MS,Athletics and Wellness,Weight Room,Function,Adjacency & Access,WE-003,Is the space in close proximity to locker rooms and/or multipurpose/practice gyms?,6
MS,Athletics and Wellness,Weight Room,Function,Availability,WE-001,Is this space type present at the school?,0
MS,Athletics and Wellness,Weight Room,Function,Availability,WE-002,Select all that are present:,6
MS,Athletics and Wellness,Weight Room,Function,Layout & Flexibility,WE-005,Is there ample space for safe circulation around the equipment?,6
MS,Athletics and Wellness,Weight Room,Function,Layout & Flexibility,WE-006,Do overhead doors provide access to an exterior weight training yard?,6
MS,Athletics and Wellness,Weight Room,Infrastructure,Utilities & Technology,WE-008,Are there any visible workarounds accommodating a lack of power outlets?,6
MS,Athletics and Wellness,Weight Room,Infrastructure,Utilities & Technology,WE-009,Select all that apply (water),6
MS,Athletics and Wellness,Weight Room,Occupant Experience,Circulation & Egress,WE-007,"Is at least one interior door a minimum of 72"" wide?",6
MS,Shared Spaces,Dining Commons,Amenities,Display & Presentation,DC-015,How much tackboard/tackwall/tackstrip is provided? Include both fixed and mobile surfaces in your count.,6
MS,Shared Spaces,Dining Commons,Amenities,Furniture & Equipment,DC-008,Is a variety of furniture and/or modular furniture provided to support both small and large group collaboration when used as a learning space?,6
MS,Shared Spaces,Dining Commons,Amenities,Furniture & Equipment,DC-029,Select all that apply (general inventory),6
MS,Shared Spaces,Dining Commons,Amenities,Storage,DC-017,How many storage closets are provided for the Dining Commons?,6
MS,Shared Spaces,Dining Commons,Amenities,Storage,DC-020,Select all that apply (storage),6
MS,Shared Spaces,Dining Commons,Amenities,Storage,DC-030,Is the custodial storage sufficient for all custodial equipment to be kept out of sight when not in use?,6
MS,Shared Spaces,Dining Commons,Function,Adjacency & Access,DC-005,Which best describes the Dining Commons configuration?,6
MS,Shared Spaces,Dining Commons,Function,Adjacency & Access,DC-023,What is the Dining Commons' proximity to the gymnasium?,6
MS,Shared Spaces,Dining Commons,Function,Adjacency & Access,DC-024,What is the Dining Commons' proximity to the Empower Center?,6
MS,Shared Spaces,Dining Commons,Function,Adjacency & Access,DC-025,Select all that apply (entrance and access),6
MS,Shared Spaces,Dining Commons,Function,Adjacency & Access,DC-026,Can the Dining Commons be accessed for after-hours use while restricting access to the rest of campus?,6
MS,Shared Spaces,Dining Commons,Function,Adjacency & Access,DC-027,Select all that apply (restroom proximity),6
MS,Shared Spaces,Dining Commons,Function,Adjacency & Access,DC-028,"If the rest of the campus is locked down, are the restrooms identified above still accessible from the Dining Commons?",6
MS,Shared Spaces,Dining Commons,Function,Availability,DC-001,Is this space type present at the school?,0
MS,Shared Spaces,Dining Commons,Function,Availability,DC-006,How many dispersed Dining Commons locations are provided?,6
MS,Shared Spaces,Dining Commons,Function,Availability,DC-021,Is there a stage in the Dining Commons?,6
MS,Shared Spaces,Dining Commons,Infrastructure,Flooring & Surface Finishes,DC-003,What type of flooring is in the space?,6
MS,Shared Spaces,Dining Commons,Infrastructure,Utilities & Technology,DC-009,Are there any visible workarounds accommodating a lack of power outlets?,6
MS,Shared Spaces,Dining Commons,Observational,Observational,DC-031,Can the Dining Commons support community gathering and learning activities in addition to meal service? (check all that apply),0
MS,Shared Spaces,Dining Commons,Occupant Experience,Aesthetics,DC-002,Which of the following describes the condition of the wall finishes?,6
MS,Shared Spaces,Dining Commons,Occupant Experience,Occupant Comfort,DC-010,Is there an outdoor dining space?,6
MS,Shared Spaces,Dining Commons,Occupant Experience,Occupant Comfort,DC-012,Are there exterior windows?,6
MS,Shared Spaces,Dining Commons,Occupant Experience,Occupant Comfort,DC-013,"Is daylight accessible through another means (e.g., an interior window shared with a space that has exterior windows)?",6
MS,Shared Spaces,Dining Commons,Occupant Experience,Occupant Comfort,DC-014,Select all that apply (exterior windows),6
MS,Shared Spaces,Dining Commons,Occupant Experience,Safety & Supervision,DC-007,Does the dispersed Dining Commons have sightlines from an adjacent space for passive supervision?,6
MS,Shared Spaces,Dining Commons,Occupant Experience,Safety & Supervision,DC-011,Select all that are present (outdoor dining),6
MS,Shared Spaces,Dining Commons,Occupant Experience,Safety & Supervision,DC-022,Is the stage accessed from the audience area by a ramp with an unobstructed sightline?,6
MS,Shared Spaces,Empower Center,Amenities,Display & Presentation,EM-017,"How much writable surface (e.g., markerboard) is provided, excluding glass? Include both fixed and mobile writable surfaces in your count.",6
MS,Shared Spaces,Empower Center,Amenities,Furniture & Equipment,EM-024,Select all that are present (furniture),0
MS,Shared Spaces,Empower Center,Amenities,Furniture & Equipment,EM-025,How easily can the furniture be rearranged?,6
MS,Shared Spaces,Empower Center,Amenities,Furniture & Equipment,EM-026,What is the condition of the furniture?,6
MS,Shared Spaces,Empower Center,Amenities,Furniture & Equipment,EM-032,Is there a vertically adjustable pipe grid system provided?,6
MS,Shared Spaces,Empower Center,Amenities,Furniture & Equipment,EM-033,Select all that apply (presentation technology),6
MS,Shared Spaces,Empower Center,Function,Adjacency & Access,EM-002,Is the space located on the ground floor?,6
MS,Shared Spaces,Empower Center,Function,Adjacency & Access,EM-003,"Is the space accessible from a primary circulation path, rather than embedded within a single department?",6
MS,Shared Spaces,Empower Center,Function,Adjacency & Access,EM-004,What is the Empower Center's proximity to the Dining Commons?,6
MS,Shared Spaces,Empower Center,Function,Adjacency & Access,EM-005,Is there close proximity to a custodial space that has the capacity for housing specialized equipment?,6
MS,Shared Spaces,Empower Center,Function,Adjacency & Access,EM-007,Do the Staging Areas have a 12' wide opening connecting to their adjacent Core Space?,6
MS,Shared Spaces,Empower Center,Function,Adjacency & Access,EM-008,Select all that apply (staging area connections),6
MS,Shared Spaces,Empower Center,Function,Adjacency & Access,EM-010,What sightlines does the Control Room have into the Core Space(s)?,6
MS,Shared Spaces,Empower Center,Function,Adjacency & Access,EM-029,What access does the space have to the exterior?,6
MS,Shared Spaces,Empower Center,Function,Adjacency & Access,EM-030,How is the Empower Center's loading area configured?,6
MS,Shared Spaces,Empower Center,Function,Adjacency & Access,EM-034,"Is there an auxiliary entry near the Empower Center that can be used independently from the rest of campus, allowing after-hours use while restricting the rest of campus?",6
MS,Shared Spaces,Empower Center,Function,Adjacency & Access,EM-035,Select all that apply (restroom proximity),6
MS,Shared Spaces,Empower Center,Function,Adjacency & Access,EM-036,"If the rest of the campus is locked down, are the restrooms identified above still accessible from the Empower Center?",6
MS,Shared Spaces,Empower Center,Function,Availability,EM-001,Is this space type present at the school?,0
MS,Shared Spaces,Empower Center,Function,Availability,EM-006,How many staging spaces are provided?,6
MS,Shared Spaces,Empower Center,Function,Availability,EM-009,Is a Control Room provided?,6
MS,Shared Spaces,Empower Center,Function,Layout & Flexibility,EM-011,Is there an acoustical partition provided to divide the space?,6
MS,Shared Spaces,Empower Center,Infrastructure,Flooring & Surface Finishes,EM-027,What type of flooring is in the Core Space?,6
MS,Shared Spaces,Empower Center,Infrastructure,Flooring & Surface Finishes,EM-028,What type of flooring is in the Staging Area(s)?,6
MS,Shared Spaces,Empower Center,Infrastructure,Utilities & Technology,EM-012,Select all that apply (lighting),6
MS,Shared Spaces,Empower Center,Infrastructure,Utilities & Technology,EM-018,Are there any visible workarounds accommodating a lack of power outlets?,6
MS,Shared Spaces,Empower Center,Infrastructure,Utilities & Technology,EM-019,How many ceiling-hung outlets are provided?,6
MS,Shared Spaces,Empower Center,Infrastructure,Utilities & Technology,EM-037,Select all that apply (general inventory),6
MS,Shared Spaces,Empower Center,Occupant Experience,Aesthetics,EM-013,Which of the following describes the condition of the wall finishes?,6
MS,Shared Spaces,Empower Center,Occupant Experience,Circulation & Egress,EM-031,Select all that apply (doors from primary circulation),6
MS,Shared Spaces,Empower Center,Occupant Experience,Occupant Comfort,EM-014,Are there exterior windows?,6
MS,Shared Spaces,Empower Center,Occupant Experience,Occupant Comfort,EM-015,"Is daylight accessible through another means (e.g., an interior window shared with a space that has exterior windows)?",6
MS,Shared Spaces,Empower Center,Occupant Experience,Occupant Comfort,EM-016,What window coverings are provided on exterior windows?,6
MS,Shared Spaces,Empower Center,Occupant Experience,Occupant Comfort,EM-020,Select one (temperature control),6
MS,Shared Spaces,Empower Center,Occupant Experience,Safety & Supervision,EM-021,What type of visibility is provided into the space from adjacent interior spaces or circulation?,6
MS,Shared Spaces,Empower Center,Occupant Experience,Safety & Supervision,EM-022,How much of the wall facing the adjacent interior space or circulation is made up of interior window?,0
MS,Shared Spaces,Empower Center,Occupant Experience,Safety & Supervision,EM-023,Select all that apply (safety),6
MS,Shared Spaces,Library Media Center,Amenities,Display & Presentation,MC-020,"How much writable surface (e.g., markerboard) is provided in the reading room / teaching area, excluding glass? Include both fixed and mobile writable surfaces in your count.",6
MS,Shared Spaces,Library Media Center,Amenities,Display & Presentation,MC-021,How much tackboard/tackwall/tackstrip is provided? Include both fixed and mobile surfaces.,6
MS,Shared Spaces,Library Media Center,Amenities,Furniture & Equipment,MC-029,Select all that are present (furniture),6
MS,Shared Spaces,Library Media Center,Amenities,Furniture & Equipment,MC-030,"Are the book stacks flexible (i.e., mobile and/or reconfigurable)?",6
MS,Shared Spaces,Library Media Center,Amenities,Furniture & Equipment,MC-031,How easily can the furniture be rearranged?,6
MS,Shared Spaces,Library Media Center,Amenities,Furniture & Equipment,MC-032,What is the condition of the furniture?,6
MS,Shared Spaces,Library Media Center,Amenities,Furniture & Equipment,MC-033,Select all that apply (circulation desk),6
MS,Shared Spaces,Library Media Center,Amenities,Storage,MC-015,Select all that apply (storage in the reading room / teaching area),0
MS,Shared Spaces,Library Media Center,Amenities,Storage,MC-016,How sufficient does the storage appear for the reading room / teaching area's program needs?,6
MS,Shared Spaces,Library Media Center,Amenities,Storage,MC-018,How much casework is provided in the office/workroom?,6
MS,Shared Spaces,Library Media Center,Amenities,Storage,MC-019,How much countertop is provided in the office/workroom?,6
MS,Shared Spaces,Library Media Center,Function,Adjacency & Access,MC-002,Select all that apply (visibility and access),6
MS,Shared Spaces,Library Media Center,Function,Adjacency & Access,MC-035,Select all that apply (restroom access),6
MS,Shared Spaces,Library Media Center,Function,Availability,MC-001,Is this space type present at the school?,0
MS,Shared Spaces,Library Media Center,Function,Availability,MC-004,Select all that apply (spaces checklist),6
MS,Shared Spaces,Library Media Center,Infrastructure,Flooring & Surface Finishes,MC-034,What type of flooring is in the space?,0
MS,Shared Spaces,Library Media Center,Infrastructure,Utilities & Technology,MC-009,Select all that apply (lighting),6
MS,Shared Spaces,Library Media Center,Infrastructure,Utilities & Technology,MC-022,How many floor box locations are provided in the space?,6
MS,Shared Spaces,Library Media Center,Infrastructure,Utilities & Technology,MC-023,Are there any visible workarounds accommodating a lack of power outlets?,6
MS,Shared Spaces,Library Media Center,Infrastructure,Utilities & Technology,MC-036,Select all that apply (general inventory),0
MS,Shared Spaces,Library Media Center,Observational,Observational,MC-037,"Can the Media Center function as a hub for inquiry, exploration, collaboration, and creation? (check all that apply)",0
MS,Shared Spaces,Library Media Center,Occupant Experience,Aesthetics,MC-010,Which of the following describes the condition of the wall finishes?,6
MS,Shared Spaces,Library Media Center,Occupant Experience,Occupant Comfort,MC-008,Select all that apply (acoustic zones and activities),6
MS,Shared Spaces,Library Media Center,Occupant Experience,Occupant Comfort,MC-011,Are there exterior windows?,6
MS,Shared Spaces,Library Media Center,Occupant Experience,Occupant Comfort,MC-012,"Is daylight accessible through another means (e.g., an interior window shared with a space that has exterior windows)?",6
MS,Shared Spaces,Library Media Center,Occupant Experience,Occupant Comfort,MC-013,Select all that apply (exterior windows),6
MS,Shared Spaces,Library Media Center,Occupant Experience,Occupant Comfort,MC-014,What window coverings are provided on exterior windows?,6
MS,Shared Spaces,Library Media Center,Occupant Experience,Occupant Comfort,MC-024,Select one (temperature control),6
MS,Shared Spaces,Library Media Center,Occupant Experience,Safety & Supervision,MC-025,What type of visibility is provided into the space from adjacent interior spaces or circulation?,6
MS,Shared Spaces,Library Media Center,Occupant Experience,Safety & Supervision,MC-026,How much of the wall facing the adjacent interior space or circulation is made up of interior window?,0
MS,Shared Spaces,Library Media Center,Occupant Experience,Safety & Supervision,MC-027,Select all that apply (sightlines),6
MS,Shared Spaces,Library Media Center,Occupant Experience,Safety & Supervision,MC-028,Select all that apply (safety),6
MS,Outdoor,Outdoor Spaces,Amenities,Furniture & Equipment,OD-020,Select all that apply (essential soft play features),6
MS,Outdoor,Outdoor Spaces,Amenities,Furniture & Equipment,OD-021,Select all that are present (additional soft play features),6
MS,Outdoor,Outdoor Spaces,Amenities,Furniture & Equipment,OD-023,Select all that are present (nature-based play features),6
MS,Outdoor,Outdoor Spaces,Amenities,Furniture & Equipment,OD-024,What is the condition of the nature-based play features?,6
MS,Outdoor,Outdoor Spaces,Amenities,Furniture & Equipment,OD-025,Select all that are present (essential hard play features),6
MS,Outdoor,Outdoor Spaces,Amenities,Furniture & Equipment,OD-026,Select all that are present (additional hard play features),0
MS,Outdoor,Outdoor Spaces,Amenities,Furniture & Equipment,OD-031,Select all that are present (play field features),6
MS,Outdoor,Outdoor Spaces,Amenities,Furniture & Equipment,OD-036,Select all that are present (essential outdoor studio features),6
MS,Outdoor,Outdoor Spaces,Amenities,Furniture & Equipment,OD-037,Select all that apply (additional outdoor studio features),6
MS,Outdoor,Outdoor Spaces,Amenities,Furniture & Equipment,OD-043,Select all that are present (essential produce garden features),0
MS,Outdoor,Outdoor Spaces,Amenities,Furniture & Equipment,OD-044,Select all that are present (additional produce garden features),6
MS,Outdoor,Outdoor Spaces,Amenities,Furniture & Equipment,OD-047,Select all that are present (essential habitat garden features),6
MS,Outdoor,Outdoor Spaces,Amenities,Furniture & Equipment,OD-048,Select all that are present (additional habitat garden features),6
MS,Outdoor,Outdoor Spaces,Amenities,Furniture & Equipment,OD-051,Select all that are present (essential domestic animal habitat features),6
MS,Outdoor,Outdoor Spaces,Amenities,Furniture & Equipment,OD-052,Select all that are present (additional domestic animal habitat features),6
MS,Outdoor,Outdoor Spaces,Amenities,Furniture & Equipment,OD-056,Select all that are present (essential nature trail features),6
MS,Outdoor,Outdoor Spaces,Amenities,Furniture & Equipment,OD-057,Select all that are present (additional nature trail features),6
MS,Outdoor,Outdoor Spaces,Amenities,Storage,OD-063,How sufficient is the outdoor storage for play equipment and materials?,6
MS,Outdoor,Outdoor Spaces,Function,Adjacency & Access,OD-040,Select all that apply (outdoor studio adjacencies),6
MS,Outdoor,Outdoor Spaces,Function,Adjacency & Access,OD-053,"Is the habitat located in a relatively low-traffic area of the campus (i.e., adequate separation from student egress points, playground areas, produce gardens, etc.)?",6
MS,Outdoor,Outdoor Spaces,Function,Adjacency & Access,OD-061,Are the play areas easily accessible for after-hours community use?,6
MS,Outdoor,Outdoor Spaces,Function,Adjacency & Access,OD-062,How close are the play areas to the gym?,6
MS,Outdoor,Outdoor Spaces,Function,Availability,OD-022,Is there a nature-based play area?,6
MS,Outdoor,Outdoor Spaces,Function,Availability,OD-030,Is there a play field?,6
MS,Outdoor,Outdoor Spaces,Function,Availability,OD-034,Is there an outdoor studio?,6
MS,Outdoor,Outdoor Spaces,Function,Availability,OD-041,Is there a produce garden?,6
MS,Outdoor,Outdoor Spaces,Function,Availability,OD-045,Is there a habitat garden?,6
MS,Outdoor,Outdoor Spaces,Function,Availability,OD-049,Is there a domestic animal habitat?,6
MS,Outdoor,Outdoor Spaces,Function,Availability,OD-054,Is there a nature trail?,6
MS,Outdoor,Outdoor Spaces,Function,Availability,OD-058,Is there green stormwater infrastructure?,6
MS,Outdoor,Outdoor Spaces,Infrastructure,Utilities & Technology,OD-038,Select all that are present (outdoor studio technology),6
MS,Outdoor,Outdoor Spaces,Infrastructure,Utilities & Technology,OD-059,Select all that are present (essential green stormwater features),6
MS,Outdoor,Outdoor Spaces,Infrastructure,Utilities & Technology,OD-060,Select all that are present (additional green stormwater features),6
MS,Outdoor,Outdoor Spaces,Observational,Observational,OD-064,Can outdoor environments function as extensions of the educational environment? (check all that apply),0
MS,Outdoor,Outdoor Spaces,Observational,Observational,OD-065,"Students are observed utilizing the outdoor learning spaces (gardens, outdoor studios, etc.).",0
MS,Outdoor,Outdoor Spaces,Occupant Experience,Occupant Comfort,OD-027,Does the hard play area have shade structures or shaded areas on or near it?,6
MS,Outdoor,Outdoor Spaces,Occupant Experience,Safety & Supervision,OD-028,Does the hard play area have site lighting to allow for safe evening use?,6
MS,Outdoor,Outdoor Spaces,Occupant Experience,Safety & Supervision,OD-029,Are there clear sightlines from routinely occupied or supervised areas to the hard play area?,6
MS,Outdoor,Outdoor Spaces,Occupant Experience,Safety & Supervision,OD-032,Are there clear sightlines from routinely occupied or supervised areas to the play field?,6
MS,Outdoor,Outdoor Spaces,Occupant Experience,Safety & Supervision,OD-033,Does the play field have site lighting to allow for safe evening use?,6
MS,Outdoor,Outdoor Spaces,Occupant Experience,Safety & Supervision,OD-035,Are there clear sightlines from routinely occupied or supervised areas to the outdoor studio?,6
MS,Outdoor,Outdoor Spaces,Occupant Experience,Safety & Supervision,OD-042,Are there clear sightlines from routinely occupied or supervised areas to the produce garden?,6
MS,Outdoor,Outdoor Spaces,Occupant Experience,Safety & Supervision,OD-046,Are there clear sightlines from routinely occupied or supervised areas to the habitat garden?,6
MS,Outdoor,Outdoor Spaces,Occupant Experience,Safety & Supervision,OD-050,Are there clear sightlines from routinely occupied or supervised areas to the domestic animal habitat?,6
MS,Outdoor,Outdoor Spaces,Occupant Experience,Safety & Supervision,OD-055,Are there clear sightlines from routinely occupied or supervised areas to the nature trail?,6
HS,Arrival Experience and Campus Support,Entry Experience,Function,Adjacency & Access,EE-001,What modes of transportation are supported by the site?,6
HS,Arrival Experience and Campus Support,Entry Experience,Function,Adjacency & Access,EE-002,Are school bus and personal vehicle drop-off/pick-up zones separated from each other?,6
HS,Arrival Experience and Campus Support,Entry Experience,Function,Adjacency & Access,EE-003,Is there a direct pathway from drop-off/pick-up zones to the main entry?,6
HS,Arrival Experience and Campus Support,Entry Experience,Function,Adjacency & Access,EE-008,Is the front door easily identifiable through design or signage?,6
HS,Arrival Experience and Campus Support,Entry Experience,Function,Aesthetics,EE-005,Select all that apply (entry area condition),6
HS,Arrival Experience and Campus Support,Entry Experience,Infrastructure,Utilities & Technology,EE-011,Select all that apply (general inventory),0
HS,Arrival Experience and Campus Support,Entry Experience,Occupant Experience,Aesthetics,EE-004,What is the condition of the parking lot?,6
HS,Arrival Experience and Campus Support,Entry Experience,Occupant Experience,Aesthetics,EE-010,Select all that apply (welcoming entry),6
HS,Arrival Experience and Campus Support,Entry Experience,Occupant Experience,Safety & Supervision,EE-006,"Is the perimeter of the campus well defined through fences, sidewalks, or other elements that indicate the clear boundary of the school grounds?",6
HS,Arrival Experience and Campus Support,Entry Experience,Occupant Experience,Safety & Supervision,EE-007,Select all that are present (exterior signage),6
HS,Arrival Experience and Campus Support,Entry Experience,Occupant Experience,Safety & Supervision,EE-009,Select all that apply (vestibule),6
HS,Arrival Experience and Campus Support,Campus,Amenities,Display & Presentation,GE-011,Select all that apply (learning on display),6
HS,Arrival Experience and Campus Support,Campus,Function,Adjacency & Access,GE-003,Do service deliveries happen away from the main entry?,6
HS,Arrival Experience and Campus Support,Campus,Function,Adjacency & Access,GE-009,"Are art galleries located throughout the building for exhibitions, reviews, and presentations?",6
HS,Arrival Experience and Campus Support,Campus,Function,Availability,GE-007,Select all that apply (dispersed resources),6
HS,Arrival Experience and Campus Support,Campus,Function,Availability,GE-008,Select all that apply (dispersed restrooms),6
HS,Arrival Experience and Campus Support,Campus,Function,Layout & Flexibility,GE-004,Which of the following best describes the ease of wayfinding through the school?,6
HS,Arrival Experience and Campus Support,Campus,Function,Layout & Flexibility,GE-005,Is the school divided into clearly defined neighborhoods?,6
HS,Arrival Experience and Campus Support,Campus,Function,Layout & Flexibility,GE-006,"For campuses with multiple buildings, are covered connections (canopies, breezeways, or interior connections) provided between buildings?",6
HS,Arrival Experience and Campus Support,Campus,Observational,Observational,GE-012,Do the room numbers on the campus match the plan provided?,0
HS,Arrival Experience and Campus Support,Campus,Observational,Observational,GE-013,Select all that apply (room signage details),0
HS,Arrival Experience and Campus Support,Campus,Observational,Observational,GE-014,Commons spaces are observed being utilized by students (e.g. open gathering spaces around stairs or adjacent to large group areas; where applicable).,0
HS,Arrival Experience and Campus Support,Campus,Observational,Observational,GE-015,Are there any unique situations or user adaptations you observed? Please describe.,0
HS,Arrival Experience and Campus Support,Campus,Observational,Observational,GE-016,Are there any chronic challenges you observed or were mentioned while on site? Please describe.,0
HS,Arrival Experience and Campus Support,Campus,Observational,Observational,GE-017,Is there anything that was not asked in the survey that is important to note?,0
HS,Arrival Experience and Campus Support,Campus,Observational,Observational,GE-018,What questions are you leaving the campus with?,0
HS,Arrival Experience and Campus Support,Campus,Occupant Experience,Aesthetics,GE-001,Which of the following best describes the general appearance and wear of the school?,6
HS,Arrival Experience and Campus Support,Campus,Occupant Experience,Circulation & Egress,GE-010,How many elevators are there?,6
HS,Arrival Experience and Campus Support,Campus,Occupant Experience,Safety & Supervision,GE-002,What is the quality of site lighting distribution across the campus?,6
HS,Arrival Experience and Campus Support,Kitchen,Function,Adjacency & Access,KT-004,How is the kitchen's loading area configured?,6
HS,Arrival Experience and Campus Support,Kitchen,Function,Availability,KT-001,Is this space type present at the school?,0
HS,Arrival Experience and Campus Support,Kitchen,Function,Availability,KT-002,Select all that are present (spaces checklist),6
HS,Arrival Experience and Campus Support,Kitchen,Function,Circulation & Egress,KT-003,"Does the kitchen loading area have a 42"" door and corridor to allow for easy delivery and movement of foods and equipment?",6
HS,Arrival Experience and Campus Support,Kitchen,Infrastructure,Utilities & Technology,KT-005,Select all that apply (plumbing),6
HS,Administration,Admin Offices,Amenities,Furniture & Equipment,AD-013,Select all that are present (furniture),0
HS,Administration,Admin Offices,Amenities,Furniture & Equipment,AD-014,What is the condition of the furniture?,6
HS,Administration,Admin Offices,Amenities,Furniture & Equipment,AD-018,Select all that apply (general inventory),0
HS,Administration,Admin Offices,Function,Adjacency & Access,AD-016,Select all that apply (proximity to collaboration space or group room),6
HS,Administration,Admin Offices,Function,Layout & Flexibility,AD-001,"Does the office layout support individual work and one-on-one meetings (i.e., space for a desk plus at least one guest seat)?",6
HS,Administration,Admin Offices,Infrastructure,Flooring & Surface Finishes,AD-015,What type of flooring is in the space?,0
HS,Administration,Admin Offices,Infrastructure,Utilities & Technology,AD-002,Select all that apply (lighting),6
HS,Administration,Admin Offices,Infrastructure,Utilities & Technology,AD-008,Are there any visible workarounds accommodating a lack of power outlets?,0
HS,Administration,Admin Offices,Occupant Experience,Aesthetics,AD-003,Which of the following describes the condition of the wall finishes?,6
HS,Administration,Admin Offices,Occupant Experience,Occupant Comfort,AD-004,Are there exterior windows?,6
HS,Administration,Admin Offices,Occupant Experience,Occupant Comfort,AD-005,"Is daylight accessible through another means (e.g., an interior window shared with a space that has exterior windows)?",6
HS,Administration,Admin Offices,Occupant Experience,Occupant Comfort,AD-006,Select all that apply (exterior windows),6
HS,Administration,Admin Offices,Occupant Experience,Occupant Comfort,AD-007,What window coverings are provided on exterior windows?,6
HS,Administration,Admin Offices,Occupant Experience,Occupant Comfort,AD-009,Select one (temperature control),6
HS,Administration,Admin Offices,Occupant Experience,Safety & Supervision,AD-010,"Is visibility provided into the space from adjacent interior spaces or circulation (i.e., glass exists, even if currently covered)?",6
HS,Administration,Admin Offices,Occupant Experience,Safety & Supervision,AD-011,What type of visibility is provided into the space from adjacent interior spaces?,0
HS,Administration,Admin Offices,Occupant Experience,Safety & Supervision,AD-012,Select all that apply (safety),6
HS,Administration,Admin Offices,Occupant Experience,Safety & Supervision,AD-017,Select all that apply (visibility into collaboration space or group room),6
HS,Administration,Main Admin Suite,Amenities,Display & Presentation,MA-012,"How much writable surface (e.g., markerboard) is provided, excluding glass? Include both fixed and mobile surfaces.",6
HS,Administration,Main Admin Suite,Amenities,Display & Presentation,MA-013,How much tackboard/tackwall is provided? Include both fixed and mobile surfaces.,6
HS,Administration,Main Admin Suite,Amenities,Furniture & Equipment,MA-015,Select all that are present (furniture),0
HS,Administration,Main Admin Suite,Amenities,Furniture & Equipment,MA-026,Select all that are present (workroom),6
HS,Administration,Main Admin Suite,Amenities,Furniture & Equipment,MA-040,Select all that are present (furniture),0
HS,Administration,Main Admin Suite,Amenities,Furniture & Equipment,MA-041,What is the condition of the furniture?,6
HS,Administration,Main Admin Suite,Amenities,Furniture & Equipment,MA-043,Select all that apply (general inventory),0
HS,Administration,Main Admin Suite,Amenities,Storage,MA-025,How much casework and countertop space is provided in the workroom?,6
HS,Administration,Main Admin Suite,Function,Adjacency & Access,MA-005,Select all that apply (adjacencies),6
HS,Administration,Main Admin Suite,Function,Adjacency & Access,MA-019,Which of the following best describes the location of the SRO office?,6
HS,Administration,Main Admin Suite,Function,Adjacency & Access,MA-020,"If there are two SRO offices in the school, are they dispersed in the admin area?",6
HS,Administration,Main Admin Suite,Function,Adjacency & Access,MA-023,How close is the workroom to the main admin suite?,6
HS,Administration,Main Admin Suite,Function,Availability,MA-017,Select all that are provided within or directly adjacent to the admin suite (spaces checklist),6
HS,Administration,Main Admin Suite,Function,Layout & Flexibility,MA-016,How many staff workstations are provided in the reception area?,6
HS,Administration,Main Admin Suite,Function,Layout & Flexibility,MA-027,"Does the principal's office layout support individual work and one-on-one meetings (i.e., space for a desk plus at least one guest seat)?",6
HS,Administration,Main Admin Suite,Infrastructure,Flooring & Surface Finishes,MA-022,What type of flooring is in the space?,0
HS,Administration,Main Admin Suite,Infrastructure,Flooring & Surface Finishes,MA-042,What type of flooring is in the space?,0
HS,Administration,Main Admin Suite,Infrastructure,Utilities & Technology,MA-018,Select all that apply (lighting),6
HS,Administration,Main Admin Suite,Infrastructure,Utilities & Technology,MA-029,Select all that apply (lighting),6
HS,Administration,Main Admin Suite,Infrastructure,Utilities & Technology,MA-035,Are there any visible workarounds accommodating a lack of power outlets?,0
HS,Administration,Main Admin Suite,Occupant Experience,Aesthetics,MA-004,Which of the following describes the condition of the wall finishes?,6
HS,Administration,Main Admin Suite,Occupant Experience,Aesthetics,MA-030,Which of the following describes the condition of the wall finishes?,6
HS,Administration,Main Admin Suite,Occupant Experience,Circulation & Egress,MA-028,Select all that apply (principal's office),6
HS,Administration,Main Admin Suite,Occupant Experience,Occupant Comfort,MA-006,Are there exterior windows?,6
HS,Administration,Main Admin Suite,Occupant Experience,Occupant Comfort,MA-007,"Is daylight accessible through another means (e.g., an interior window shared with a space that has exterior windows)?",6
HS,Administration,Main Admin Suite,Occupant Experience,Occupant Comfort,MA-008,Select all that apply (exterior windows),6
HS,Administration,Main Admin Suite,Occupant Experience,Occupant Comfort,MA-009,What window coverings are provided on exterior windows?,6
HS,Administration,Main Admin Suite,Occupant Experience,Occupant Comfort,MA-014,Select one (temperature control),6
HS,Administration,Main Admin Suite,Occupant Experience,Occupant Comfort,MA-031,Are there exterior windows?,6
HS,Administration,Main Admin Suite,Occupant Experience,Occupant Comfort,MA-032,"Is daylight accessible through another means (e.g., an interior window shared with a space that has exterior windows)?",6
HS,Administration,Main Admin Suite,Occupant Experience,Occupant Comfort,MA-033,Select all that apply (exterior windows),6
HS,Administration,Main Admin Suite,Occupant Experience,Occupant Comfort,MA-034,What window coverings are provided on exterior windows?,6
HS,Administration,Main Admin Suite,Occupant Experience,Occupant Comfort,MA-036,Select one (temperature control),6
HS,Administration,Main Admin Suite,Occupant Experience,Safety & Supervision,MA-001,Is there a clear sightline from the reception workstation to the secure vestibule?,6
HS,Administration,Main Admin Suite,Occupant Experience,Safety & Supervision,MA-002,Is there a clear sightline from the reception workstation to the main building entry?,6
HS,Administration,Main Admin Suite,Occupant Experience,Safety & Supervision,MA-003,Is there a clear sightline from the reception workstation to the main pedestrian approach and drop-off area outside?,6
HS,Administration,Main Admin Suite,Occupant Experience,Safety & Supervision,MA-010,"Is visibility provided into the space from adjacent interior spaces or circulation (i.e., glass exists, even if currently covered)?",6
HS,Administration,Main Admin Suite,Occupant Experience,Safety & Supervision,MA-011,What type of visibility is provided into the space from adjacent interior spaces?,0
HS,Administration,Main Admin Suite,Occupant Experience,Safety & Supervision,MA-021,Select all that apply (safety),6
HS,Administration,Main Admin Suite,Occupant Experience,Safety & Supervision,MA-037,"Is visibility provided into the space from adjacent interior spaces or circulation (i.e., glass exists, even if currently covered)?",6
HS,Administration,Main Admin Suite,Occupant Experience,Safety & Supervision,MA-038,What type of visibility is provided into the space from adjacent interior spaces?,0
HS,Administration,Main Admin Suite,Occupant Experience,Safety & Supervision,MA-039,Select all that apply (safety),6
HS,Administration,Professional Learning Center,Amenities,Display & Presentation,PL-017,"How much writable surface (e.g., markerboard) is provided in the PLC, excluding glass? Include both fixed and mobile writable surfaces in your count.",6
HS,Administration,Professional Learning Center,Amenities,Furniture & Equipment,PL-008,How many workstations are provided for staff?,6
HS,Administration,Professional Learning Center,Amenities,Furniture & Equipment,PL-023,Select all that are present (furniture),0
HS,Administration,Professional Learning Center,Amenities,Furniture & Equipment,PL-024,How easily can the furniture be rearranged?,6
HS,Administration,Professional Learning Center,Amenities,Furniture & Equipment,PL-025,What is the condition of the furniture?,6
HS,Administration,Professional Learning Center,Amenities,Storage,PL-012,How much casework is provided in the space?,6
HS,Administration,Professional Learning Center,Amenities,Storage,PL-013,How much countertop is provided in the space?,6
HS,Administration,Professional Learning Center,Amenities,Storage,PL-014,What lockable personal storage is provided for staff using the space?,6
HS,Administration,Professional Learning Center,Amenities,Storage,PL-015,How sufficient does the storage appear for the space's program needs?,6
HS,Administration,Professional Learning Center,Amenities,Storage,PL-016,"How much writable surface (e.g., markerboard) is provided in the PLC meeting room, excluding glass? Include both fixed and mobile writable surfaces in your count.",6
HS,Administration,Professional Learning Center,Function,Adjacency & Access,PL-004,Where is the small meeting room for phone calls and one-on-one meetings located relative to the PLC?,6
HS,Administration,Professional Learning Center,Function,Layout & Flexibility,PL-001,Does the room shape allow for flexible configuration for group work?,6
HS,Administration,Professional Learning Center,Infrastructure,Flooring & Surface Finishes,PL-026,What type of flooring is in the space?,0
HS,Administration,Professional Learning Center,Infrastructure,Utilities & Technology,PL-002,Select all that apply (lighting),6
HS,Administration,Professional Learning Center,Infrastructure,Utilities & Technology,PL-018,"How many general-use outlets are provided? (count each wall plate as one, regardless of the number of plugs.)",6
HS,Administration,Professional Learning Center,Infrastructure,Utilities & Technology,PL-027,Select all that apply (general inventory),6
HS,Administration,Professional Learning Center,Observational,Observational,PL-028,To what extent does the space support collaborative professional learning? (check all that apply),0
HS,Administration,Professional Learning Center,Occupant Experience,Aesthetics,PL-003,Which of the following describes the condition of the wall finishes?,6
HS,Administration,Professional Learning Center,Occupant Experience,Occupant Comfort,PL-005,Are there exterior windows?,6
HS,Administration,Professional Learning Center,Occupant Experience,Occupant Comfort,PL-006,"Is daylight accessible through another means (e.g., an interior window shared with a space that has exterior windows)?",6
HS,Administration,Professional Learning Center,Occupant Experience,Occupant Comfort,PL-007,Select all that apply (exterior windows),6
HS,Administration,Professional Learning Center,Occupant Experience,Occupant Comfort,PL-009,What window coverings are provided on exterior windows?,6
HS,Administration,Professional Learning Center,Occupant Experience,Occupant Comfort,PL-019,Select one (temperature control),6
HS,Administration,Professional Learning Center,Occupant Experience,Safety & Supervision,PL-020,"Is visibility provided into the space from adjacent interior spaces or circulation (i.e., glass exists, even if currently covered)?",6
HS,Administration,Professional Learning Center,Occupant Experience,Safety & Supervision,PL-021,What type of visibility is provided into the space from adjacent interior spaces?,0
HS,Administration,Professional Learning Center,Occupant Experience,Safety & Supervision,PL-022,Select all that apply (safety),6
HS,Wrap Around Services,Community Partners Suite,Amenities,Furniture & Equipment,CP-009,What is the condition of the furniture?,6
HS,Wrap Around Services,Community Partners Suite,Amenities,Furniture & Equipment,CP-012,Select all that are present (furniture),6
HS,Wrap Around Services,Community Partners Suite,Function,Adjacency & Access,CP-002,Select all that apply (access and security),6
HS,Wrap Around Services,Community Partners Suite,Function,Availability,CP-001,Is this space type present at the school?,0
HS,Wrap Around Services,Community Partners Suite,Infrastructure,Flooring & Surface Finishes,CP-010,What type of flooring is in the space?,0
HS,Wrap Around Services,Community Partners Suite,Infrastructure,Utilities & Technology,CP-011,Select all that apply (general inventory),0
HS,Wrap Around Services,Community Partners Suite,Occupant Experience,Occupant Comfort,CP-004,Select all that apply (acoustic features in the community room),0
HS,Wrap Around Services,Community Partners Suite,Occupant Experience,Occupant Comfort,CP-005,Does the community room have exterior windows?,6
HS,Wrap Around Services,Community Partners Suite,Occupant Experience,Occupant Comfort,CP-006,Select all that apply (exterior windows in the community room),6
HS,Wrap Around Services,Community Partners Suite,Occupant Experience,Occupant Comfort,CP-007,Select one (temperature control),6
HS,Wrap Around Services,Community Partners Suite,Occupant Experience,Safety & Supervision,CP-003,What visual connection does the suite have with the main reception area?,6
HS,Wrap Around Services,Mental Wellness and Counseling Suite,Amenities,Display & Presentation,MW-016,"How much writable surface (e.g., markerboard) is provided in the Counselor Office, excluding glass? Include both fixed and mobile writable surfaces in your count.",6
HS,Wrap Around Services,Mental Wellness and Counseling Suite,Amenities,Display & Presentation,MW-017,How much tackboard/tackwall is provided in the Counselor Office? Include both fixed and mobile surfaces.,6
HS,Wrap Around Services,Mental Wellness and Counseling Suite,Amenities,Display & Presentation,MW-025,"How much writable surface (e.g., markerboard) is provided in Core Counseling, excluding glass? Include both fixed and mobile writable surfaces in your count.",6
HS,Wrap Around Services,Mental Wellness and Counseling Suite,Amenities,Display & Presentation,MW-026,How much tackboard/tackwall is provided in Core Counseling? Include both fixed and mobile surfaces.,6
HS,Wrap Around Services,Mental Wellness and Counseling Suite,Amenities,Display & Presentation,MW-029,How much tackboard/tackwall is provided at Reception? Include both fixed and mobile surfaces.,6
HS,Wrap Around Services,Mental Wellness and Counseling Suite,Amenities,Display & Presentation,MW-031,"How much writable surface (e.g., markerboard) is provided in the Conference Room, excluding glass? Include both fixed and mobile writable surfaces in your count.",6
HS,Wrap Around Services,Mental Wellness and Counseling Suite,Amenities,Display & Presentation,MW-038,"How much writable surface (e.g., markerboard) is provided in the Wellness Room, excluding glass? Include both fixed and mobile writable surfaces in your count.",6
HS,Wrap Around Services,Mental Wellness and Counseling Suite,Amenities,Display & Presentation,MW-039,How much tackboard/tackwall is provided in the Wellness Room? Include both fixed and mobile surfaces.,6
HS,Wrap Around Services,Mental Wellness and Counseling Suite,Amenities,Furniture & Equipment,MW-022,"Is flexible, comfortable, and/or informal furniture provided in Core Counseling?",6
HS,Wrap Around Services,Mental Wellness and Counseling Suite,Amenities,Furniture & Equipment,MW-037,"Is flexible, comfortable, and/or informal furniture provided in the Wellness Room?",6
HS,Wrap Around Services,Mental Wellness and Counseling Suite,Amenities,Furniture & Equipment,MW-042,Select all that are present (suite-wide furniture),6
HS,Wrap Around Services,Mental Wellness and Counseling Suite,Amenities,Furniture & Equipment,MW-043,What is the condition of the furniture overall?,6
HS,Wrap Around Services,Mental Wellness and Counseling Suite,Amenities,Storage,MW-006,How is lockable storage provided for confidential files and personal belongings?,6
HS,Wrap Around Services,Mental Wellness and Counseling Suite,Amenities,Storage,MW-023,How much casework is provided in the Core Counseling space?,6
HS,Wrap Around Services,Mental Wellness and Counseling Suite,Amenities,Storage,MW-024,How much countertop is provided in the Core Counseling space?,6
HS,Wrap Around Services,Mental Wellness and Counseling Suite,Function,Adjacency & Access,MW-003,"Is the suite easily accessible to students from the main circulation areas of the building, so as to destigmatize and normalize its use?",6
HS,Wrap Around Services,Mental Wellness and Counseling Suite,Function,Adjacency & Access,MW-004,Is an all-user restroom in close proximity to the suite for shared lavatory access?,6
HS,Wrap Around Services,Mental Wellness and Counseling Suite,Function,Availability,MW-001,Is this space type present at the school?,0
HS,Wrap Around Services,Mental Wellness and Counseling Suite,Function,Availability,MW-010,Is there a Professional School Counselor Office?,6
HS,Wrap Around Services,Mental Wellness and Counseling Suite,Function,Availability,MW-013,How many Professional School Counselor offices are provided?,6
HS,Wrap Around Services,Mental Wellness and Counseling Suite,Function,Availability,MW-018,Is there a Core Counseling space?,6
HS,Wrap Around Services,Mental Wellness and Counseling Suite,Function,Availability,MW-027,Is there a Reception area in the Mental Wellness and Counseling Suite?,6
HS,Wrap Around Services,Mental Wellness and Counseling Suite,Function,Availability,MW-030,Is there a Conference Room in the Mental Wellness and Counseling Suite?,6
HS,Wrap Around Services,Mental Wellness and Counseling Suite,Function,Availability,MW-032,"Is there a Wellness Room (i.e., brain lab)?",6
HS,Wrap Around Services,Mental Wellness and Counseling Suite,Function,Availability,MW-040,Is there a Licensed Mental Health Professional (LMHP) Office?,6
HS,Wrap Around Services,Mental Wellness and Counseling Suite,Function,Circulation & Egress,MW-008,"Does the suite have a secondary door to a separate egress path (i.e., a second door to a corridor or exterior)?",6
HS,Wrap Around Services,Mental Wellness and Counseling Suite,Function,Layout & Flexibility,MW-002,How are the mental wellness and counseling spaces laid out?,6
HS,Wrap Around Services,Mental Wellness and Counseling Suite,Infrastructure,Flooring & Surface Finishes,MW-044,What type of flooring is in the space?,0
HS,Wrap Around Services,Mental Wellness and Counseling Suite,Infrastructure,Utilities & Technology,MW-005,Are there any visible workarounds accommodating a lack of power outlets?,6
HS,Wrap Around Services,Mental Wellness and Counseling Suite,Infrastructure,Utilities & Technology,MW-007,Select one (temperature control),6
HS,Wrap Around Services,Mental Wellness and Counseling Suite,Observational,Observational,MW-009,Can the environment support student wellness and support services? (check all that apply),0
HS,Wrap Around Services,Mental Wellness and Counseling Suite,Observational,Observational,MW-045,Select all that apply (Education Efficiency),0
HS,Wrap Around Services,Mental Wellness and Counseling Suite,Occupant Experience,Occupant Comfort,MW-014,"Does the Counselor Office have user-controlled visual privacy on interior glass (e.g., roller shades or curtains)?",6
HS,Wrap Around Services,Mental Wellness and Counseling Suite,Occupant Experience,Occupant Comfort,MW-015,Does the Counselor Office have a dimmable light fixture?,6
HS,Wrap Around Services,Mental Wellness and Counseling Suite,Occupant Experience,Occupant Comfort,MW-019,"Does Core Counseling have user-controlled visual privacy on interior glass (e.g., roller shades or curtains)?",6
HS,Wrap Around Services,Mental Wellness and Counseling Suite,Occupant Experience,Occupant Comfort,MW-020,Does Core Counseling have a dimmable light fixture?,6
HS,Wrap Around Services,Mental Wellness and Counseling Suite,Occupant Experience,Occupant Comfort,MW-021,Select all that apply (acoustic features - Core Counseling),6
HS,Wrap Around Services,Mental Wellness and Counseling Suite,Occupant Experience,Occupant Comfort,MW-034,"Does the Wellness Room have user-controlled visual privacy on interior glass (e.g., roller shades or curtains)?",6
HS,Wrap Around Services,Mental Wellness and Counseling Suite,Occupant Experience,Occupant Comfort,MW-035,Does the Wellness Room have a dimmable light fixture?,6
HS,Wrap Around Services,Mental Wellness and Counseling Suite,Occupant Experience,Occupant Comfort,MW-036,Select all that apply (wellness room acoustic features),6
HS,Wrap Around Services,Mental Wellness and Counseling Suite,Occupant Experience,Occupant Comfort,MW-041,"Does the LMHP Office have user-controlled visual privacy on interior glass (e.g., roller shades or curtains)?",6
HS,Wrap Around Services,Mental Wellness and Counseling Suite,Occupant Experience,Safety & Supervision,MW-028,Select all that apply (passive supervision from Reception),6
HS,Wrap Around Services,Mental Wellness and Counseling Suite,Occupant Experience,Safety & Supervision,MW-033,Is passive supervision into the Wellness Room provided via sightline from either the Counselor Offices or Reception?,6
HS,Studios,Maker Space,Amenities,Display & Presentation,MS-011,"How much writable surface (e.g., markerboard) is provided, excluding glass? Include both fixed and mobile writable surfaces.",6
HS,Studios,Maker Space,Amenities,Display & Presentation,MS-012,Which built-in systems for displaying student work are provided?,0
HS,Studios,Maker Space,Amenities,Display & Presentation,MS-013,How much tackboard/tackwall/tackstrip is provided? Include both fixed and mobile surfaces.,6
HS,Studios,Maker Space,Amenities,Furniture & Equipment,MS-024,Select all that are present (furniture),0
HS,Studios,Maker Space,Amenities,Furniture & Equipment,MS-025,How easily can the furniture be rearranged?,6
HS,Studios,Maker Space,Amenities,Furniture & Equipment,MS-026,What is the condition of the furniture?,6
HS,Studios,Maker Space,Amenities,Storage,MS-014,How much casework is provided in the space?,6
HS,Studios,Maker Space,Amenities,Storage,MS-016,How much countertop is provided in the space?,6
HS,Studios,Maker Space,Amenities,Storage,MS-017,Select all that apply (storage),6
HS,Studios,Maker Space,Amenities,Storage,MS-018,How sufficient does the storage appear for the space's program needs?,6
HS,Studios,Maker Space,Function,Adjacency & Access,MS-028,What access does the space have to a collaboration space?,6
HS,Studios,Maker Space,Function,Adjacency & Access,MS-030,What access does the space have to the exterior?,0
HS,Studios,Maker Space,Function,Adjacency & Access,MS-032,What access does the space have to the exterior?,0
HS,Studios,Maker Space,Function,Availability,MS-002,Is this space type present at the school?,0
HS,Studios,Maker Space,Function,Layout & Flexibility,MS-003,Does the room shape allow for clear sightlines within the room and flexible room configuration options?,6
HS,Studios,Maker Space,Infrastructure,Flooring & Surface Finishes,MS-027,What type of flooring is in the space?,6
HS,Studios,Maker Space,Infrastructure,Utilities & Technology,MS-004,Select all that apply (lighting),6
HS,Studios,Maker Space,Infrastructure,Utilities & Technology,MS-019,Are there any visible workarounds accommodating a lack of power outlets?,6
HS,Studios,Maker Space,Infrastructure,Utilities & Technology,MS-031,Select all that apply (plumbing fixtures),6
HS,Studios,Maker Space,Infrastructure,Utilities & Technology,MS-033,Select all that apply (general inventory),0
HS,Studios,Maker Space,Observational,Observational,MS-034,"Can the environment support creative problem-solving, innovation, and project-based learning? (Check all that apply)",0
HS,Studios,Maker Space,Observational,Observational,MS-035,Makerspaces are observed being used for hands-on learning.,0
HS,Studios,Maker Space,Occupant Experience,Aesthetics,MS-005,Which of the following describes the condition of the wall finishes?,6
HS,Studios,Maker Space,Occupant Experience,Occupant Comfort,MS-006,Are there exterior windows?,6
HS,Studios,Maker Space,Occupant Experience,Occupant Comfort,MS-007,"Is daylight accessible through another means (e.g., an interior window shared with a space that has exterior windows)?",6
HS,Studios,Maker Space,Occupant Experience,Occupant Comfort,MS-008,Select all that apply (exterior windows),6
HS,Studios,Maker Space,Occupant Experience,Occupant Comfort,MS-009,What window coverings are provided on exterior windows?,6
HS,Studios,Maker Space,Occupant Experience,Occupant Comfort,MS-020,Select one (temperature control),6
HS,Studios,Maker Space,Occupant Experience,Safety & Supervision,MS-021,What type of visibility is provided into the space from adjacent interior spaces or circulation?,0
HS,Studios,Maker Space,Occupant Experience,Safety & Supervision,MS-022,How much of the wall facing the adjacent interior space or circulation is made up of interior window?,0
HS,Studios,Maker Space,Occupant Experience,Safety & Supervision,MS-023,Select all that apply (safety),6
HS,Studios,Science,Amenities,Display & Presentation,SC-012,"How much writable surface (e.g., markerboard) is provided, excluding glass? Include both fixed and mobile writable surfaces.",6
HS,Studios,Science,Amenities,Display & Presentation,SC-013,Which built-in systems for displaying student work are provided?,0
HS,Studios,Science,Amenities,Display & Presentation,SC-014,How much tackboard/tackwall/tackstrip is provided? Include both fixed and mobile surfaces.,6
HS,Studios,Science,Amenities,Furniture & Equipment,SC-020,Select all that are present (furniture),0
HS,Studios,Science,Amenities,Furniture & Equipment,SC-021,How easily can the furniture be rearranged?,6
HS,Studios,Science,Amenities,Furniture & Equipment,SC-022,"How varied are the seating options for students (i.e., seating beyond standard hard chairs, such as soft or active seating)?",6
HS,Studios,Science,Amenities,Furniture & Equipment,SC-023,What is the condition of the furniture?,6
HS,Studios,Science,Amenities,Furniture & Equipment,SC-029,Is there a teacher demonstration station?,6
HS,Studios,Science,Amenities,Storage,SC-010,Select all that apply (storage),0
HS,Studios,Science,Amenities,Storage,SC-011,How sufficient does the storage appear for the space's program needs?,6
HS,Studios,Science,Function,Adjacency & Access,SC-025,What access does the space have to a collaboration space?,6
HS,Studios,Science,Function,Adjacency & Access,SC-026,What access does the space have to a small group room?,6
HS,Studios,Science,Function,Adjacency & Access,SC-027,Select all that are present (visibility into adjacent spaces),6
HS,Studios,Science,Function,Adjacency & Access,SC-028,What access does the space have to the exterior?,6
HS,Studios,Science,Function,Availability,SC-001,Is this space type present at the school?,0
HS,Studios,Science,Function,Circulation & Egress,SC-003,Does the science lab have a secondary door to the corridor?,6
HS,Studios,Science,Function,Layout & Flexibility,SC-002,Does the room shape allow for clear sightlines within the room and flexible room configuration options?,6
HS,Studios,Science,Infrastructure,Flooring & Surface Finishes,SC-024,What type of flooring is in the space?,6
HS,Studios,Science,Infrastructure,Utilities & Technology,SC-004,Select all that apply (lighting),6
HS,Studios,Science,Infrastructure,Utilities & Technology,SC-015,Are there any visible workarounds accommodating a lack of power outlets?,6
HS,Studios,Science,Infrastructure,Utilities & Technology,SC-030,How many student lab tables (seating approx. 4 students each) have a sink?,6
HS,Studios,Science,Infrastructure,Utilities & Technology,SC-031,Are laboratory faucets provided at all sinks in the lab?,6
HS,Studios,Science,Infrastructure,Utilities & Technology,SC-032,Select all that apply (science room utilities),6
HS,Studios,Science,Infrastructure,Utilities & Technology,SC-033,Select all that apply (general inventory),0
HS,Studios,Science,Observational,Observational,SC-034,"Can the science lab support inquiry, investigation, and authentic scientific learning? (select all that apply)",0
HS,Studios,Science,Occupant Experience,Aesthetics,SC-005,Which of the following describes the condition of the wall finishes?,6
HS,Studios,Science,Occupant Experience,Occupant Comfort,SC-006,Are there exterior windows?,6
HS,Studios,Science,Occupant Experience,Occupant Comfort,SC-007,"Is daylight accessible through another means (e.g., an interior window shared with a space that has exterior windows)?",6
HS,Studios,Science,Occupant Experience,Occupant Comfort,SC-008,Select all that apply (exterior windows),6
HS,Studios,Science,Occupant Experience,Occupant Comfort,SC-009,What window coverings are provided on exterior windows?,6
HS,Studios,Science,Occupant Experience,Occupant Comfort,SC-016,Select one (temperature control),6
HS,Studios,Science,Occupant Experience,Safety & Supervision,SC-017,What type of visibility is provided into the space from adjacent interior spaces or circulation?,6
HS,Studios,Science,Occupant Experience,Safety & Supervision,SC-018,How much of the wall facing the adjacent interior space or circulation is made up of interior window?,0
HS,Studios,Science,Occupant Experience,Safety & Supervision,SC-019,Select all that apply (safety),6
HS,Studios,Science Prep Room,Amenities,Storage,SI-003,How much casework is provided in the Science Prep room?,6
HS,Studios,Science Prep Room,Amenities,Storage,SI-004,How much countertop is provided in the Science Prep room?,6
HS,Studios,Science Prep Room,Function,Adjacency & Access,SI-001,What type of Science Prep room exists?,6
HS,Studios,Science Prep Room,Function,Circulation & Egress,SI-002,Does the science prep room have a secondary door to the corridor?,6
HS,Studios,Science Prep Room,Infrastructure,Utilities & Technology,SI-007,Select all that apply (prep room power and data),6
HS,Studios,Science Prep Room,Infrastructure,Utilities & Technology,SI-008,Select all that apply (science prep room),6
HS,Studios,Science Prep Room,Occupant Experience,Safety & Supervision,SI-005,"Is visibility provided into the prep room from the Science Lab (i.e., glass exists, even if currently covered)?",6
HS,Studios,Science Prep Room,Occupant Experience,Safety & Supervision,SI-006,What type of visibility is provided into the prep room from the Science Lab?,6
HS,Studios,Traditional Studio,Amenities,Display & Presentation,ST-011,"How much writable surface (e.g., markerboard) is provided, excluding glass? Include both fixed and mobile writable surfaces in your count.",6
HS,Studios,Traditional Studio,Amenities,Display & Presentation,ST-012,Which built-in systems for displaying student work are provided?,0
HS,Studios,Traditional Studio,Amenities,Display & Presentation,ST-013,How much tackboard/tackwall/tackstrip is provided? Include both fixed and mobile surfaces.,6
HS,Studios,Traditional Studio,Amenities,Furniture & Equipment,ST-023,Select all that are present (furniture),0
HS,Studios,Traditional Studio,Amenities,Furniture & Equipment,ST-024,How easily can the furniture be rearranged?,6
HS,Studios,Traditional Studio,Amenities,Furniture & Equipment,ST-025,"How varied are the seating options for students (i.e., are multiple seating types available)?",6
HS,Studios,Traditional Studio,Amenities,Furniture & Equipment,ST-026,What is the condition of the furniture?,6
HS,Studios,Traditional Studio,Amenities,Furniture & Equipment,ST-032,Select all that are present (general inventory),0
HS,Studios,Traditional Studio,Amenities,Storage,ST-016,Select all that apply (storage),0
HS,Studios,Traditional Studio,Amenities,Storage,ST-017,How sufficient does the storage appear for the space's program needs?,6
HS,Studios,Traditional Studio,Function,Adjacency & Access,ST-028,What access does the space have to a collaboration space?,6
HS,Studios,Traditional Studio,Function,Adjacency & Access,ST-029,What access does the space have to a small group room?,6
HS,Studios,Traditional Studio,Function,Adjacency & Access,ST-030,Select all that are present (visibility into adjacent spaces),6
HS,Studios,Traditional Studio,Function,Adjacency & Access,ST-031,What access does the space have to the exterior?,6
HS,Studios,Traditional Studio,Function,Availability,ST-001,Is this space type present at the school?,0
HS,Studios,Traditional Studio,Function,Layout & Flexibility,ST-002,Does the room shape allow for clear sightlines within the room and flexible room configuration options?,6
HS,Studios,Traditional Studio,Function,Layout & Flexibility,ST-003,"Is there a dedicated Peace Center within the studio (i.e., a furniture-based or designed ~25 SF space)?",6
HS,Studios,Traditional Studio,Infrastructure,Flooring & Surface Finishes,ST-027,What type of flooring is in the space?,6
HS,Studios,Traditional Studio,Infrastructure,Utilities & Technology,ST-004,Select all that apply (lighting),6
HS,Studios,Traditional Studio,Infrastructure,Utilities & Technology,ST-018,Are there any visible workarounds accommodating a lack of power outlets?,6
HS,Studios,Traditional Studio,Observational,Observational,ST-033,"Does the studio support whole-group instruction, small-group learning and independent learning? (check all that apply)",0
HS,Studios,Traditional Studio,Observational,Observational,ST-034,Select all that apply (Education Efficiency),0
HS,Studios,Traditional Studio,Occupant Experience,Aesthetics,ST-005,Which of the following describes the condition of the wall finishes?,6
HS,Studios,Traditional Studio,Occupant Experience,Occupant Comfort,ST-006,Are there exterior windows?,6
HS,Studios,Traditional Studio,Occupant Experience,Occupant Comfort,ST-007,"Is daylight accessible through another means (e.g., an interior window shared with a space that has exterior windows)?",6
HS,Studios,Traditional Studio,Occupant Experience,Occupant Comfort,ST-008,Select all that apply (exterior windows),6
HS,Studios,Traditional Studio,Occupant Experience,Occupant Comfort,ST-009,What window coverings are provided on exterior windows?,6
HS,Studios,Traditional Studio,Occupant Experience,Occupant Comfort,ST-019,Select one (temperature control),6
HS,Studios,Traditional Studio,Occupant Experience,Safety & Supervision,ST-020,What type of visibility is provided into the space from adjacent interior spaces or circulation?,6
HS,Studios,Traditional Studio,Occupant Experience,Safety & Supervision,ST-021,How much of the wall facing the adjacent interior space or circulation is made up of interior window?,0
HS,Studios,Traditional Studio,Occupant Experience,Safety & Supervision,ST-022,Select all that apply (safety),6
HS,Special Education,Sensory Motor Lab,Amenities,Furniture & Equipment,SN-015,Select all that apply (equipment),0
HS,Special Education,Sensory Motor Lab,Amenities,Storage,SN-008,Select all that apply (storage),0
HS,Special Education,Sensory Motor Lab,Amenities,Storage,SN-009,How sufficient does the storage appear for the space's program needs?,6
HS,Special Education,Sensory Motor Lab,Function,Layout & Flexibility,SN-001,Does the room shape allow for clear sightlines within the room and flexible room configuration options?,6
HS,Special Education,Sensory Motor Lab,Function,Layout & Flexibility,SN-018,Is there direct access to storage within or adjacent to the sensory motor lab for manipulatives?,6
HS,Special Education,Sensory Motor Lab,Infrastructure,Flooring & Surface Finishes,SN-017,What type of flooring is in the space?,6
HS,Special Education,Sensory Motor Lab,Infrastructure,Utilities & Technology,SN-002,Select all that apply (lighting),6
HS,Special Education,Sensory Motor Lab,Infrastructure,Utilities & Technology,SN-010,Are there any visible workarounds accommodating a lack of power outlets?,6
HS,Special Education,Sensory Motor Lab,Observational,Observational,SE-009,"Does the space support individual, one-to-one, and small-group sensory motor learning activities? (check all that apply)",0
HS,Special Education,Sensory Motor Lab,Occupant Experience,Aesthetics,SN-003,Which of the following describes the condition of the wall finishes?,6
HS,Special Education,Sensory Motor Lab,Occupant Experience,Occupant Comfort,SN-004,Are there exterior windows?,6
HS,Special Education,Sensory Motor Lab,Occupant Experience,Occupant Comfort,SN-005,"Is daylight accessible through another means (e.g., an interior window shared with a space that has exterior windows)?",6
HS,Special Education,Sensory Motor Lab,Occupant Experience,Occupant Comfort,SN-006,Select all that apply (exterior windows),6
HS,Special Education,Sensory Motor Lab,Occupant Experience,Occupant Comfort,SN-007,What window coverings are provided on exterior windows?,6
HS,Special Education,Sensory Motor Lab,Occupant Experience,Occupant Comfort,SN-011,Select one (temperature control),6
HS,Special Education,Sensory Motor Lab,Occupant Experience,Occupant Comfort,SN-016,Select all that apply (acoustic features),6
HS,Special Education,Sensory Motor Lab,Occupant Experience,Safety & Supervision,SN-012,What type of visibility is provided into the space from adjacent interior spaces or circulation?,6
HS,Special Education,Sensory Motor Lab,Occupant Experience,Safety & Supervision,SN-013,How much of the wall facing the adjacent interior space or circulation is made up of interior window?,0
HS,Special Education,Sensory Motor Lab,Occupant Experience,Safety & Supervision,SN-014,Select all that apply (safety),6
HS,Special Education,Special Education Suite,Amenities,Storage,SE-008,Select all that apply (4+ linear feet of casework),6
HS,Special Education,Special Education Suite,Function,Adjacency & Access,SE-004,Is the Special Education suite located in close proximity to central administration and the main entry?,6
HS,Special Education,Special Education Suite,Function,Availability,SE-003,Select all that apply (spaces checklist),6
HS,Special Education,Special Education Suite,Occupant Experience,Circulation & Egress,SE-006,Select all that apply (42-inch door opening),6
HS,Special Education,Special Education Suite,Occupant Experience,Safety & Supervision,SE-007,Select all that apply (visual privacy),6
HS,Special Education,SPED Flex Studio,Amenities,Display & Presentation,SP-024,"How much writable surface (e.g., markerboard) is provided, excluding glass? Include both fixed and mobile surfaces.",6
HS,Special Education,SPED Flex Studio,Amenities,Furniture & Equipment,SP-017,Select all that are present (furniture),0
HS,Special Education,SPED Flex Studio,Amenities,Furniture & Equipment,SP-018,How easily can the furniture be rearranged?,6
HS,Special Education,SPED Flex Studio,Amenities,Furniture & Equipment,SP-019,"How varied are the seating options for students (i.e., seating beyond standard hard chairs, such as soft or active seating)?",6
HS,Special Education,SPED Flex Studio,Amenities,Furniture & Equipment,SP-020,What is the condition of the furniture?,6
HS,Special Education,SPED Flex Studio,Amenities,Storage,SP-010,Select all that apply (storage),0
HS,Special Education,SPED Flex Studio,Amenities,Storage,SP-011,How sufficient does the storage appear for the space's program needs?,6
HS,Special Education,SPED Flex Studio,Function,Adjacency & Access,SP-002,Is the SPED flex studio integrated into the neighborhood?,6
HS,Special Education,SPED Flex Studio,Function,Adjacency & Access,SP-025,What restroom access is provided for the SPED Flex Studio suite?,6
HS,Special Education,SPED Flex Studio,Function,Availability,SP-001,Is this space type present at the school?,0
HS,Special Education,SPED Flex Studio,Function,Layout & Flexibility,SP-003,Does the room shape allow for clear sightlines within the room and flexible room configuration options?,6
HS,Special Education,SPED Flex Studio,Infrastructure,Flooring & Surface Finishes,SP-021,What type of flooring is in the space?,0
HS,Special Education,SPED Flex Studio,Infrastructure,Utilities & Technology,SP-004,Select all that apply (lighting),6
HS,Special Education,SPED Flex Studio,Infrastructure,Utilities & Technology,SP-012,Are there any visible workarounds accommodating a lack of power outlets?,6
HS,Special Education,SPED Flex Studio,Infrastructure,Utilities & Technology,SP-022,Select all that apply (plumbing),6
HS,Special Education,SPED Flex Studio,Observational,Observational,SP-027,"Can the environment support personalized learning, independence, and participation? (check all that apply)",0
HS,Special Education,SPED Flex Studio,Occupant Experience,Aesthetics,SP-005,Which of the following describes the condition of the wall finishes?,6
HS,Special Education,SPED Flex Studio,Occupant Experience,Occupant Comfort,SP-006,Are there exterior windows?,6
HS,Special Education,SPED Flex Studio,Occupant Experience,Occupant Comfort,SP-007,"Is daylight accessible through another means (e.g., an interior window shared with a space that has exterior windows)?",6
HS,Special Education,SPED Flex Studio,Occupant Experience,Occupant Comfort,SP-008,Select all that apply (exterior windows),6
HS,Special Education,SPED Flex Studio,Occupant Experience,Occupant Comfort,SP-009,What window coverings are provided on exterior windows?,6
HS,Special Education,SPED Flex Studio,Occupant Experience,Occupant Comfort,SP-013,Select one (temperature control),6
HS,Special Education,SPED Flex Studio,Occupant Experience,Occupant Comfort,SP-023,Select all that apply (acoustic features),6
HS,Special Education,SPED Flex Studio,Occupant Experience,Safety & Supervision,SP-014,What type of visibility is provided into the space from adjacent interior spaces or circulation?,6
HS,Special Education,SPED Flex Studio,Occupant Experience,Safety & Supervision,SP-015,How much of the wall facing the adjacent interior space or circulation is made up of interior window?,0
HS,Special Education,SPED Flex Studio,Occupant Experience,Safety & Supervision,SP-016,Select all that apply (safety),6
HS,Special Education,SPED Flex Studio,Occupant Experience,Safety & Supervision,SP-026,Does the restroom appear to be ADA-compliant?,6
HS,Special Education,Vocational Lab,Amenities,Display & Presentation,VO-022,"How much writable surface (e.g., markerboard) is provided, excluding glass? Include both fixed and mobile surfaces.",6
HS,Special Education,Vocational Lab,Amenities,Display & Presentation,VO-023,How much tackboard/tackwall is provided? Include both fixed and mobile surfaces.,6
HS,Special Education,Vocational Lab,Amenities,Furniture & Equipment,VO-015,Select all that apply (fixtures and equipment),0
HS,Special Education,Vocational Lab,Amenities,Furniture & Equipment,VO-016,Select all that are present (furniture),0
HS,Special Education,Vocational Lab,Amenities,Furniture & Equipment,VO-017,How easily can the furniture be rearranged?,6
HS,Special Education,Vocational Lab,Amenities,Furniture & Equipment,VO-018,"How varied are the seating options for students (i.e., seating beyond standard hard chairs, such as soft or active seating)?",6
HS,Special Education,Vocational Lab,Amenities,Furniture & Equipment,VO-019,What is the condition of the furniture?,6
HS,Special Education,Vocational Lab,Amenities,Storage,VO-008,Select all that apply (storage),0
HS,Special Education,Vocational Lab,Amenities,Storage,VO-009,How sufficient does the storage appear for the space's program needs?,6
HS,Special Education,Vocational Lab,Function,Layout & Flexibility,VO-001,Does the room shape allow for clear sightlines within the room and flexible room configuration options?,6
HS,Special Education,Vocational Lab,Function,Layout & Flexibility,VO-024,Select all that apply (proximities),6
HS,Special Education,Vocational Lab,Infrastructure,Flooring & Surface Finishes,VO-020,What type of flooring is in the space?,0
HS,Special Education,Vocational Lab,Infrastructure,Utilities & Technology,VO-002,Select all that apply (lighting),6
HS,Special Education,Vocational Lab,Infrastructure,Utilities & Technology,VO-010,Are there any visible workarounds accommodating a lack of power outlets?,6
HS,Special Education,Vocational Lab,Observational,Observational,VO-025,Does the environment provide realistic settings for practicing daily living skills? (check all that apply),0
HS,Special Education,Vocational Lab,Occupant Experience,Aesthetics,VO-003,Which of the following describes the condition of the wall finishes?,6
HS,Special Education,Vocational Lab,Occupant Experience,Occupant Comfort,VO-004,Are there exterior windows?,6
HS,Special Education,Vocational Lab,Occupant Experience,Occupant Comfort,VO-005,"Is daylight accessible through another means (e.g., an interior window shared with a space that has exterior windows)?",6
HS,Special Education,Vocational Lab,Occupant Experience,Occupant Comfort,VO-006,Select all that apply (exterior windows),6
HS,Special Education,Vocational Lab,Occupant Experience,Occupant Comfort,VO-007,What window coverings are provided on exterior windows?,6
HS,Special Education,Vocational Lab,Occupant Experience,Occupant Comfort,VO-011,Select one (temperature control),6
HS,Special Education,Vocational Lab,Occupant Experience,Occupant Comfort,VO-021,Select all that apply (acoustic features),6
HS,Special Education,Vocational Lab,Occupant Experience,Safety & Supervision,VO-012,What type of visibility is provided into the space from adjacent interior spaces or circulation?,6
HS,Special Education,Vocational Lab,Occupant Experience,Safety & Supervision,VO-013,How much of the wall facing the adjacent interior space or circulation is made up of interior window?,0
HS,Special Education,Vocational Lab,Occupant Experience,Safety & Supervision,VO-014,Select all that apply (safety),6
HS,Visual Arts,2D Art Studio,Amenities,Display & Presentation,TW-013,"How much writable surface (e.g., markerboard) is provided, excluding glass? Include both fixed and mobile writable surfaces in your count.",6
HS,Visual Arts,2D Art Studio,Amenities,Display & Presentation,TW-014,Which built-in systems for displaying student work are provided?,0
HS,Visual Arts,2D Art Studio,Amenities,Display & Presentation,TW-015,How much tackboard/tackwall/tackstrip is provided? Include both fixed and mobile surfaces.,6
HS,Visual Arts,2D Art Studio,Amenities,Display & Presentation,TW-016,How much display case is provided? Include both fixed and mobile surfaces.,6
HS,Visual Arts,2D Art Studio,Amenities,Furniture & Equipment,TW-022,How easily can the furniture be rearranged?,6
HS,Visual Arts,2D Art Studio,Amenities,Furniture & Equipment,TW-023,"How varied are the seating options for students (i.e., seating beyond standard hard chairs, such as soft or active seating)?",6
HS,Visual Arts,2D Art Studio,Amenities,Furniture & Equipment,TW-024,Select all that are present (furniture),0
HS,Visual Arts,2D Art Studio,Amenities,Furniture & Equipment,TW-025,What is the condition of the furniture?,6
HS,Visual Arts,2D Art Studio,Amenities,Storage,TW-009,Select all that apply (storage),0
HS,Visual Arts,2D Art Studio,Amenities,Storage,TW-010,How sufficient does the storage appear for the space's program needs?,6
HS,Visual Arts,2D Art Studio,Function,Adjacency & Access,TW-027,What access does the space have to the exterior?,6
HS,Visual Arts,2D Art Studio,Function,Adjacency & Access,TW-028,Does the exterior door provide access to an art patio or outdoor work area?,6
HS,Visual Arts,2D Art Studio,Function,Adjacency & Access,TW-031,Does the space have direct access or close proximity to the Visual Arts Professional Learning Center?,6
HS,Visual Arts,2D Art Studio,Function,Availability,TW-001,Is this space type present at the school?,0
HS,Visual Arts,2D Art Studio,Function,Availability,TW-030,How many art gallery display areas are visible throughout the building?,6
HS,Visual Arts,2D Art Studio,Function,Layout & Flexibility,TW-002,Does the room shape allow for clear sightlines within the room and flexible room configuration options?,6
HS,Visual Arts,2D Art Studio,Infrastructure,Flooring & Surface Finishes,TW-011,How much built-in casework is provided?,6
HS,Visual Arts,2D Art Studio,Infrastructure,Flooring & Surface Finishes,TW-012,How much countertop is provided? Include both fixed and mobile surfaces in your count.,6
HS,Visual Arts,2D Art Studio,Infrastructure,Flooring & Surface Finishes,TW-026,What type of flooring is in the space?,6
HS,Visual Arts,2D Art Studio,Infrastructure,Utilities & Technology,TW-003,Select all that apply (lighting),6
HS,Visual Arts,2D Art Studio,Infrastructure,Utilities & Technology,TW-017,Are there any visible workarounds accommodating a lack of power outlets?,6
HS,Visual Arts,2D Art Studio,Infrastructure,Utilities & Technology,TW-029,Select all that apply (plumbing),0
HS,Visual Arts,2D Art Studio,Observational,Observational,TW-032,"Can the visual arts environment support creation, critique, display, and portfolio development? (Check all that apply)",0
HS,Visual Arts,2D Art Studio,Occupant Experience,Aesthetics,TW-004,Which of the following describes the condition of the wall finishes?,6
HS,Visual Arts,2D Art Studio,Occupant Experience,Occupant Comfort,TW-005,Are there exterior windows?,6
HS,Visual Arts,2D Art Studio,Occupant Experience,Occupant Comfort,TW-006,"Is daylight accessible through another means (e.g., an interior window shared with a space that has exterior windows)?",6
HS,Visual Arts,2D Art Studio,Occupant Experience,Occupant Comfort,TW-007,Select all that apply (exterior windows),6
HS,Visual Arts,2D Art Studio,Occupant Experience,Occupant Comfort,TW-008,What window coverings are provided on exterior windows?,6
HS,Visual Arts,2D Art Studio,Occupant Experience,Occupant Comfort,TW-018,Select one (temperature control),6
HS,Visual Arts,2D Art Studio,Occupant Experience,Safety & Supervision,TW-019,What type of visibility is provided into the space from adjacent interior spaces or circulation?,6
HS,Visual Arts,2D Art Studio,Occupant Experience,Safety & Supervision,TW-020,How much of the wall facing the adjacent interior space or circulation is made up of interior window?,0
HS,Visual Arts,2D Art Studio,Occupant Experience,Safety & Supervision,TW-021,Select all that apply (safety),6
HS,Visual Arts,3D Art Studio,Amenities,Display & Presentation,TH-014,"How much writable surface (e.g., markerboard) is provided, excluding glass? Include both fixed and mobile writable surfaces in your count.",6
HS,Visual Arts,3D Art Studio,Amenities,Display & Presentation,TH-015,Which built-in systems for displaying student work are provided?,0
HS,Visual Arts,3D Art Studio,Amenities,Display & Presentation,TH-016,How much tackboard/tackwall/tackstrip is provided? Include both fixed and mobile surfaces.,6
HS,Visual Arts,3D Art Studio,Amenities,Display & Presentation,TH-017,How much display case is provided? Include both fixed and mobile surfaces.,6
HS,Visual Arts,3D Art Studio,Amenities,Furniture & Equipment,TH-023,How easily can the furniture be rearranged?,6
HS,Visual Arts,3D Art Studio,Amenities,Furniture & Equipment,TH-024,"How varied are the seating options for students (i.e., seating beyond standard hard chairs, such as soft or active seating)?",6
HS,Visual Arts,3D Art Studio,Amenities,Furniture & Equipment,TH-025,Select all that are present (furniture),0
HS,Visual Arts,3D Art Studio,Amenities,Furniture & Equipment,TH-026,What is the condition of the furniture?,6
HS,Visual Arts,3D Art Studio,Amenities,Storage,TH-010,Select all that apply (storage),0
HS,Visual Arts,3D Art Studio,Amenities,Storage,TH-011,How sufficient does the storage appear for the space's program needs?,6
HS,Visual Arts,3D Art Studio,Function,Adjacency & Access,TH-004,Select all that are present (spaces checklist),6
HS,Visual Arts,3D Art Studio,Function,Adjacency & Access,TH-028,What access does the space have to the exterior?,6
HS,Visual Arts,3D Art Studio,Function,Adjacency & Access,TH-029,Does the exterior door provide access to an art patio or outdoor work area?,6
HS,Visual Arts,3D Art Studio,Function,Adjacency & Access,TH-031,Does the space have direct access or close proximity to the Visual Arts Professional Learning Center?,6
HS,Visual Arts,3D Art Studio,Function,Availability,TH-001,Is this space type present at the school?,0
HS,Visual Arts,3D Art Studio,Function,Layout & Flexibility,TH-002,Does the room shape allow for clear sightlines within the room and flexible room configuration options?,6
HS,Visual Arts,3D Art Studio,Infrastructure,Flooring & Surface Finishes,TH-012,How much built-in casework is provided?,6
HS,Visual Arts,3D Art Studio,Infrastructure,Flooring & Surface Finishes,TH-013,How much countertop is provided? Include both fixed and mobile surfaces in your count.,6
HS,Visual Arts,3D Art Studio,Infrastructure,Flooring & Surface Finishes,TH-027,What type of flooring is in the space?,6
HS,Visual Arts,3D Art Studio,Infrastructure,Utilities & Technology,TH-003,Select all that apply (lighting),6
HS,Visual Arts,3D Art Studio,Infrastructure,Utilities & Technology,TH-018,Are there any visible workarounds accommodating a lack of power outlets?,6
HS,Visual Arts,3D Art Studio,Infrastructure,Utilities & Technology,TH-030,Select all that apply (plumbing),0
HS,Visual Arts,3D Art Studio,Observational,Observational,TH-032,Can the ceramic/3D arts environment support the complete creative process from design through finished work? (Check all that apply),0
HS,Visual Arts,3D Art Studio,Occupant Experience,Aesthetics,TH-005,Which of the following describes the condition of the wall finishes?,6
HS,Visual Arts,3D Art Studio,Occupant Experience,Occupant Comfort,TH-006,Are there exterior windows?,6
HS,Visual Arts,3D Art Studio,Occupant Experience,Occupant Comfort,TH-007,"Is daylight accessible through another means (e.g., an interior window shared with a space that has exterior windows)?",6
HS,Visual Arts,3D Art Studio,Occupant Experience,Occupant Comfort,TH-008,Select all that apply (exterior windows),6
HS,Visual Arts,3D Art Studio,Occupant Experience,Occupant Comfort,TH-009,What window coverings are provided on exterior windows?,6
HS,Visual Arts,3D Art Studio,Occupant Experience,Occupant Comfort,TH-019,Select one (temperature control),6
HS,Visual Arts,3D Art Studio,Occupant Experience,Safety & Supervision,TH-020,What type of visibility is provided into the space from adjacent interior spaces or circulation?,6
HS,Visual Arts,3D Art Studio,Occupant Experience,Safety & Supervision,TH-021,How much of the wall facing the adjacent interior space or circulation is made up of interior window?,0
HS,Visual Arts,3D Art Studio,Occupant Experience,Safety & Supervision,TH-022,Select all that apply (safety),6
HS,Visual Arts,Digital Art Studio,Amenities,Display & Presentation,DA-011,"How much writable surface (e.g., markerboard) is provided, excluding glass? Include both fixed and mobile writable surfaces in your count.",6
HS,Visual Arts,Digital Art Studio,Amenities,Display & Presentation,DA-012,Which built-in systems for displaying student work are provided?,0
HS,Visual Arts,Digital Art Studio,Amenities,Furniture & Equipment,DA-018,How easily can the furniture be rearranged?,6
HS,Visual Arts,Digital Art Studio,Amenities,Furniture & Equipment,DA-019,"How varied are the seating options for students (i.e., seating beyond standard hard chairs, such as soft or active seating)?",6
HS,Visual Arts,Digital Art Studio,Amenities,Furniture & Equipment,DA-020,Select all that are present (furniture),0
HS,Visual Arts,Digital Art Studio,Amenities,Furniture & Equipment,DA-021,What is the condition of the furniture?,6
HS,Visual Arts,Digital Art Studio,Amenities,Storage,DA-009,Select all that apply (storage),0
HS,Visual Arts,Digital Art Studio,Amenities,Storage,DA-010,How sufficient does the storage appear for the space's program needs?,6
HS,Visual Arts,Digital Art Studio,Function,Adjacency & Access,DA-023,What access does the space have to the exterior?,6
HS,Visual Arts,Digital Art Studio,Function,Adjacency & Access,DA-024,Does the exterior door provide access to an art patio or outdoor work area?,6
HS,Visual Arts,Digital Art Studio,Function,Adjacency & Access,DA-026,Does the space have direct access or close proximity to the Visual Arts Professional Learning Center?,6
HS,Visual Arts,Digital Art Studio,Function,Availability,DA-001,Is this space type present at the school?,0
HS,Visual Arts,Digital Art Studio,Function,Availability,DA-025,How many art gallery display areas are visible throughout the building?,6
HS,Visual Arts,Digital Art Studio,Function,Layout & Flexibility,DA-002,Does the room shape allow for clear sightlines within the room and flexible room configuration options?,6
HS,Visual Arts,Digital Art Studio,Infrastructure,Flooring & Surface Finishes,DA-022,What type of flooring is in the space?,6
HS,Visual Arts,Digital Art Studio,Infrastructure,Utilities & Technology,DA-003,Select all that apply (lighting),6
HS,Visual Arts,Digital Art Studio,Infrastructure,Utilities & Technology,DA-013,Are there any visible workarounds accommodating a lack of power outlets?,6
HS,Visual Arts,Digital Art Studio,Occupant Experience,Aesthetics,DA-004,Which of the following describes the condition of the wall finishes?,6
HS,Visual Arts,Digital Art Studio,Occupant Experience,Occupant Comfort,DA-005,Are there exterior windows?,6
HS,Visual Arts,Digital Art Studio,Occupant Experience,Occupant Comfort,DA-006,"Is daylight accessible through another means (e.g., an interior window shared with a space that has exterior windows)?",6
HS,Visual Arts,Digital Art Studio,Occupant Experience,Occupant Comfort,DA-007,Select all that apply (exterior windows),6
HS,Visual Arts,Digital Art Studio,Occupant Experience,Occupant Comfort,DA-008,What window coverings are provided on exterior windows?,6
HS,Visual Arts,Digital Art Studio,Occupant Experience,Occupant Comfort,DA-014,Select one (temperature control),6
HS,Visual Arts,Digital Art Studio,Occupant Experience,Safety & Supervision,DA-015,What type of visibility is provided into the space from adjacent interior spaces or circulation?,6
HS,Visual Arts,Digital Art Studio,Occupant Experience,Safety & Supervision,DA-016,How much of the wall facing the adjacent interior space or circulation is made up of interior window?,0
HS,Visual Arts,Digital Art Studio,Occupant Experience,Safety & Supervision,DA-017,Select all that apply (safety),6
HS,CTE,CTE Studio,Amenities,Display & Presentation,CT-011,"How much writable surface (e.g., markerboard) is provided, excluding glass? Include both fixed and mobile writable surfaces in your count.",6
HS,CTE,CTE Studio,Amenities,Display & Presentation,CT-012,Which built-in systems for displaying student work are provided?,0
HS,CTE,CTE Studio,Amenities,Display & Presentation,CT-013,How much tackboard/tackwall/tackstrip is provided? Include both fixed and mobile surfaces.,6
HS,CTE,CTE Studio,Amenities,Furniture & Equipment,CT-019,Select all that are present (furniture),0
HS,CTE,CTE Studio,Amenities,Furniture & Equipment,CT-021,How easily can the furniture be rearranged?,6
HS,CTE,CTE Studio,Amenities,Furniture & Equipment,CT-022,What is the condition of the furniture?,6
HS,CTE,CTE Studio,Amenities,Storage,CT-020,How sufficient does the storage appear for the space's program needs?,6
HS,CTE,CTE Studio,Function,Adjacency & Access,CT-002,What type of CTE space is this?,0
HS,CTE,CTE Studio,Function,Adjacency & Access,CT-003,"If paired with a CTE Lab, does the studio have close proximity with sightlines into the lab?",6
HS,CTE,CTE Studio,Function,Availability,CT-001,Is this space type present at the school?,0
HS,CTE,CTE Studio,Function,Layout & Flexibility,CT-004,Does the room shape allow for clear sightlines within the room and flexible room configuration options?,6
HS,CTE,CTE Studio,Infrastructure,Flooring & Surface Finishes,CT-023,What type of flooring is in the space?,6
HS,CTE,CTE Studio,Infrastructure,Utilities & Technology,CT-005,Select all that apply (lighting),6
HS,CTE,CTE Studio,Infrastructure,Utilities & Technology,CT-014,Are there any visible workarounds accommodating a lack of power outlets?,6
HS,CTE,CTE Studio,Infrastructure,Utilities & Technology,CT-024,Select all that apply (general inventory),0
HS,CTE,CTE Studio,Observational,Observational,CT-025,Can the CTE studio function as a flexible principles-level learning environment? (check all that apply),0
HS,CTE,CTE Studio,Occupant Experience,Aesthetics,CT-006,Which of the following describes the condition of the wall finishes?,6
HS,CTE,CTE Studio,Occupant Experience,Occupant Comfort,CT-007,Are there exterior windows?,6
HS,CTE,CTE Studio,Occupant Experience,Occupant Comfort,CT-008,"Is daylight accessible through another means (e.g., an interior window shared with a space that has exterior windows)?",6
HS,CTE,CTE Studio,Occupant Experience,Occupant Comfort,CT-009,Select all that apply (exterior windows),6
HS,CTE,CTE Studio,Occupant Experience,Occupant Comfort,CT-010,What window coverings are provided on exterior windows?,6
HS,CTE,CTE Studio,Occupant Experience,Occupant Comfort,CT-015,Select one (temperature control),6
HS,CTE,CTE Studio,Occupant Experience,Safety & Supervision,CT-016,What type of visibility is provided into the space from adjacent interior spaces or circulation?,6
HS,CTE,CTE Studio,Occupant Experience,Safety & Supervision,CT-017,How much of the wall facing the adjacent interior space or circulation is made up of interior window?,0
HS,CTE,CTE Studio,Occupant Experience,Safety & Supervision,CT-018,Select all that apply (safety),6
HS,CTE,High Intensity Lab,Amenities,Display & Presentation,HI-019,"How much writable surface (e.g., markerboard) is provided, excluding glass? Include both fixed and mobile writable surfaces in your count.",6
HS,CTE,High Intensity Lab,Amenities,Display & Presentation,HI-020,Which built-in systems for displaying student work are provided?,0
HS,CTE,High Intensity Lab,Amenities,Display & Presentation,HI-021,How much tackboard/tackwall/tackstrip is provided? Include both fixed and mobile surfaces.,6
HS,CTE,High Intensity Lab,Amenities,Furniture & Equipment,HI-028,Select all that are present (furniture),0
HS,CTE,High Intensity Lab,Amenities,Furniture & Equipment,HI-029,How easily can the furniture be rearranged?,6
HS,CTE,High Intensity Lab,Amenities,Furniture & Equipment,HI-030,What is the condition of the furniture?,6
HS,CTE,High Intensity Lab,Function,Adjacency & Access,HI-003,Is the space located on the ground floor?,6
HS,CTE,High Intensity Lab,Function,Adjacency & Access,HI-005,How is the lab's loading area configured?,6
HS,CTE,High Intensity Lab,Function,Adjacency & Access,HI-006,Is the lab close to a CTE Studio or equipped to support concurrent studio use?,6
HS,CTE,High Intensity Lab,Function,Adjacency & Access,HI-009,What access does the space have to the exterior?,6
HS,CTE,High Intensity Lab,Function,Adjacency & Access,HI-010,Does the lab have direct access to outdoor work spaces?,6
HS,CTE,High Intensity Lab,Function,Adjacency & Access,HI-011,Does the lab have direct access to support spaces?,6
HS,CTE,High Intensity Lab,Function,Adjacency & Access,HI-032,Select all that apply (entrance and access),6
HS,CTE,High Intensity Lab,Function,Adjacency & Access,HI-033,Can the lab be accessed for after-hours use while restricting access to the rest of campus?,6
HS,CTE,High Intensity Lab,Function,Adjacency & Access,HI-034,Select all that apply (restroom proximity),6
HS,CTE,High Intensity Lab,Function,Adjacency & Access,HI-035,"If the rest of the campus is locked down, are the restrooms identified above still accessible from the lab?",6
HS,CTE,High Intensity Lab,Function,Availability,HI-001,Is this space type present at the school?,0
HS,CTE,High Intensity Lab,Infrastructure,Flooring & Surface Finishes,HI-002,Select all that apply (space configuration),6
HS,CTE,High Intensity Lab,Infrastructure,Flooring & Surface Finishes,HI-031,What type of flooring is in the space?,6
HS,CTE,High Intensity Lab,Infrastructure,Utilities & Technology,HI-007,Select all that apply (lighting),6
HS,CTE,High Intensity Lab,Infrastructure,Utilities & Technology,HI-022,How many ceiling-hung outlets are provided?,6
HS,CTE,High Intensity Lab,Infrastructure,Utilities & Technology,HI-023,Are there any visible workarounds accommodating a lack of power outlets?,6
HS,CTE,High Intensity Lab,Infrastructure,Utilities & Technology,HI-025,Select all that apply (plumbing),6
HS,CTE,High Intensity Lab,Infrastructure,Utilities & Technology,HI-026,Select all that apply (specialized shop systems),6
HS,CTE,High Intensity Lab,Infrastructure,Utilities & Technology,HI-027,"Are there exhaust fans present, and if so, have they been retrofitted?",6
HS,CTE,High Intensity Lab,Infrastructure,Utilities & Technology,HI-036,Select all that apply (general inventory),0
HS,CTE,High Intensity Lab,Observational,Observational,HI-037,Can the environment support authentic and applied learning experiences? (check all that apply),0
HS,CTE,High Intensity Lab,Observational,Observational,HI-039,"Can the high intensity lab support the intended pathway(s) and authentic industry-relevant learning experiences (e.g., Automotive, Welding, Construction, Agriculture, Aviation, EMT, and similar programs)? (check all that apply)",0
HS,CTE,High Intensity Lab,Occupant Experience,Aesthetics,HI-008,Which of the following describes the condition of the wall finishes?,6
HS,CTE,High Intensity Lab,Occupant Experience,Circulation & Egress,HI-024,Select all that apply (doors),6
HS,CTE,High Intensity Lab,Occupant Experience,Occupant Comfort,HI-012,Are there exterior windows?,6
HS,CTE,High Intensity Lab,Occupant Experience,Occupant Comfort,HI-013,"Is daylight accessible through another means (e.g., an interior window shared with a space that has exterior windows)?",6
HS,CTE,High Intensity Lab,Occupant Experience,Occupant Comfort,HI-014,Select all that apply (exterior windows),6
HS,CTE,High Intensity Lab,Occupant Experience,Occupant Comfort,HI-015,What window coverings are provided on exterior windows?,6
HS,CTE,High Intensity Lab,Occupant Experience,Safety & Supervision,HI-004,Is there a safety vestibule that controls access to the space from circulation space?,6
HS,CTE,High Intensity Lab,Occupant Experience,Safety & Supervision,HI-016,What type of visibility is provided into the space from adjacent interior spaces or circulation?,6
HS,CTE,High Intensity Lab,Occupant Experience,Safety & Supervision,HI-017,How much of the wall facing the adjacent interior space or circulation is made up of interior window?,0
HS,CTE,High Intensity Lab,Occupant Experience,Safety & Supervision,HI-018,Select all that apply (safety),6
HS,CTE,Low Intensity Lab,Amenities,Display & Presentation,LI-016,"How much writable surface (e.g., markerboard) is provided, excluding glass? Include both fixed and mobile writable surfaces in your count.",6
HS,CTE,Low Intensity Lab,Amenities,Display & Presentation,LI-017,Which built-in systems for displaying student work are provided?,0
HS,CTE,Low Intensity Lab,Amenities,Display & Presentation,LI-018,How much tackboard/tackwall/tackstrip is provided? Include both fixed and mobile surfaces.,6
HS,CTE,Low Intensity Lab,Amenities,Furniture & Equipment,LI-024,Select all that are present (furniture),0
HS,CTE,Low Intensity Lab,Amenities,Furniture & Equipment,LI-025,How easily can the furniture be rearranged?,6
HS,CTE,Low Intensity Lab,Amenities,Furniture & Equipment,LI-026,What is the condition of the furniture?,6
HS,CTE,Low Intensity Lab,Amenities,Storage,LI-013,How sufficient does the storage appear for the space's program needs?,6
HS,CTE,Low Intensity Lab,Function,Adjacency & Access,LI-002,Does the space have close proximity to a CTE Studio to support concurrent use?,6
HS,CTE,Low Intensity Lab,Function,Availability,LI-001,Is this space type present at the school?,0
HS,CTE,Low Intensity Lab,Function,Layout & Flexibility,LI-003,Does the room shape allow for clear sightlines within the room and flexible room configuration options?,6
HS,CTE,Low Intensity Lab,Function,Utilities & Technology,LI-019,Is a utility sink provided?,6
HS,CTE,Low Intensity Lab,Infrastructure,Flooring & Surface Finishes,LI-014,How much casework is provided?,6
HS,CTE,Low Intensity Lab,Infrastructure,Flooring & Surface Finishes,LI-015,How much countertop is provided?,6
HS,CTE,Low Intensity Lab,Infrastructure,Flooring & Surface Finishes,LI-027,What type of flooring is in the space?,6
HS,CTE,Low Intensity Lab,Infrastructure,Utilities & Technology,LI-004,Select all that apply (lighting),6
HS,CTE,Low Intensity Lab,Infrastructure,Utilities & Technology,LI-020,How many floor outlets are provided?,6
HS,CTE,Low Intensity Lab,Infrastructure,Utilities & Technology,LI-021,Are there any visible workarounds accommodating a lack of power outlets?,6
HS,CTE,Low Intensity Lab,Infrastructure,Utilities & Technology,LI-028,Select all that apply (general inventory),0
HS,CTE,Low Intensity Lab,Observational,Observational,LI-029,Can the environment support authentic and applied learning experiences? (check all that apply),0
HS,CTE,Low Intensity Lab,Observational,Observational,LI-031,"Can the low-intensity lab support the intended pathway(s) and a variety of related instructional activities (e.g., Arts, Audio/Video Technology & Communications; Business, Management & Administration; Education & Training; Health Science; Hospitality & Tourism; Forensics; Multimedia/Digital Graphics; Gaming Design; and similar programs)? (check all that apply)",0
HS,CTE,Low Intensity Lab,Occupant Experience,Aesthetics,LI-005,Which of the following describes the condition of the wall finishes?,6
HS,CTE,Low Intensity Lab,Occupant Experience,Circulation & Egress,LI-022,"Is a 42"" or wider entry door from circulation provided?",6
HS,CTE,Low Intensity Lab,Occupant Experience,Occupant Comfort,LI-006,Are there exterior windows?,6
HS,CTE,Low Intensity Lab,Occupant Experience,Occupant Comfort,LI-007,"Is daylight accessible through another means (e.g., an interior window shared with a space that has exterior windows)?",6
HS,CTE,Low Intensity Lab,Occupant Experience,Occupant Comfort,LI-008,Select all that apply (exterior windows),6
HS,CTE,Low Intensity Lab,Occupant Experience,Occupant Comfort,LI-009,What window coverings are provided on exterior windows?,6
HS,CTE,Low Intensity Lab,Occupant Experience,Occupant Comfort,LI-023,Select one (temperature control),6
HS,CTE,Low Intensity Lab,Occupant Experience,Safety & Supervision,LI-010,What type of visibility is provided into the space from adjacent interior spaces or circulation?,6
HS,CTE,Low Intensity Lab,Occupant Experience,Safety & Supervision,LI-011,How much of the wall facing the adjacent interior space or circulation is made up of interior window?,0
HS,CTE,Low Intensity Lab,Occupant Experience,Safety & Supervision,LI-012,Select all that apply (safety),6
HS,CTE,Medium Intensity Lab,Amenities,Display & Presentation,MI-014,"How much writable surface (e.g., markerboard) is provided, excluding glass? Include both fixed and mobile writable surfaces in your count.",6
HS,CTE,Medium Intensity Lab,Amenities,Display & Presentation,MI-015,Which built-in systems for displaying student work are provided?,0
HS,CTE,Medium Intensity Lab,Amenities,Display & Presentation,MI-016,How much tackboard/tackwall/tackstrip is provided? Include both fixed and mobile surfaces.,6
HS,CTE,Medium Intensity Lab,Amenities,Furniture & Equipment,MI-022,Select all that are present (furniture),0
HS,CTE,Medium Intensity Lab,Amenities,Furniture & Equipment,MI-023,How easily can the furniture be rearranged?,6
HS,CTE,Medium Intensity Lab,Amenities,Furniture & Equipment,MI-024,What is the condition of the furniture?,6
HS,CTE,Medium Intensity Lab,Function,Adjacency & Access,MI-003,Is the space located on the ground floor?,0
HS,CTE,Medium Intensity Lab,Function,Adjacency & Access,MI-004,Does the space have close proximity to a CTE Studio to support concurrent use?,6
HS,CTE,Medium Intensity Lab,Function,Adjacency & Access,MI-026,What access does the space have to the exterior?,6
HS,CTE,Medium Intensity Lab,Function,Adjacency & Access,MI-027,"Is the lab located near an outdoor work space, if needed for the specific program?",6
HS,CTE,Medium Intensity Lab,Function,Availability,MI-001,Is this space type present at the school?,0
HS,CTE,Medium Intensity Lab,Infrastructure,Flooring & Surface Finishes,MI-002,Is the lab located in a double-height space?,0
HS,CTE,Medium Intensity Lab,Infrastructure,Flooring & Surface Finishes,MI-025,What type of flooring is in the space?,6
HS,CTE,Medium Intensity Lab,Infrastructure,Utilities & Technology,MI-005,Select all that apply (lighting),6
HS,CTE,Medium Intensity Lab,Infrastructure,Utilities & Technology,MI-017,How many ceiling-hung outlets are provided?,6
HS,CTE,Medium Intensity Lab,Infrastructure,Utilities & Technology,MI-018,Are there any visible workarounds accommodating a lack of power outlets?,6
HS,CTE,Medium Intensity Lab,Infrastructure,Utilities & Technology,MI-020,Select all that apply (plumbing),6
HS,CTE,Medium Intensity Lab,Infrastructure,Utilities & Technology,MI-021,"Are there exhaust fans present, and if so, have they been retrofitted?",6
HS,CTE,Medium Intensity Lab,Infrastructure,Utilities & Technology,MI-028,Select all that apply (general inventory),0
HS,CTE,Medium Intensity Lab,Observational,Observational,MI-029,Can the environment support authentic and applied learning experiences? (check all that apply),0
HS,CTE,Medium Intensity Lab,Observational,Observational,MI-031,"Can the medium intensity lab function as a flexible environment for multiple CTE programs (e.g., A/V Technology, Computer Repair, Robotics, Drones, Culinary Arts Simulation, Veterinary Simulation)? (check all that apply)",0
HS,CTE,Medium Intensity Lab,Occupant Experience,Aesthetics,MI-006,Which of the following describes the condition of the wall finishes?,6
HS,CTE,Medium Intensity Lab,Occupant Experience,Circulation & Egress,MI-019,Select all that apply (doors),6
HS,CTE,Medium Intensity Lab,Occupant Experience,Occupant Comfort,MI-007,Are there exterior windows?,6
HS,CTE,Medium Intensity Lab,Occupant Experience,Occupant Comfort,MI-008,"Is daylight accessible through another means (e.g., an interior window shared with a space that has exterior windows)?",6
HS,CTE,Medium Intensity Lab,Occupant Experience,Occupant Comfort,MI-009,Select all that apply (exterior windows),6
HS,CTE,Medium Intensity Lab,Occupant Experience,Occupant Comfort,MI-010,What window coverings are provided on exterior windows?,6
HS,CTE,Medium Intensity Lab,Occupant Experience,Safety & Supervision,MI-011,What type of visibility is provided into the space from adjacent interior spaces or circulation?,6
HS,CTE,Medium Intensity Lab,Occupant Experience,Safety & Supervision,MI-012,How much of the wall facing the adjacent interior space or circulation is made up of interior window?,0
HS,CTE,Medium Intensity Lab,Occupant Experience,Safety & Supervision,MI-013,Select all that apply (safety),6
HS,Performing Arts,Auditorium,Amenities,Display & Presentation,AU-006,Are a motorized projection screen and ceiling/wall-mounted projector provided in the auditorium?,6
HS,Performing Arts,Auditorium,Amenities,Furniture & Equipment,AU-008,Select all that apply (equipment),6
HS,Performing Arts,Auditorium,Amenities,Furniture & Equipment,AU-009,Does the rigging system employ both manual and automatic/electric hoists with counterweights and a loading bridge?,6
HS,Performing Arts,Auditorium,Amenities,Storage,AU-005,Select all that are present (back stage spaces),0
HS,Performing Arts,Auditorium,Function,Adjacency & Access,AU-002,Is there direct access from the Auditorium to the Theater Arts lobby to support after-hours performances?,6
HS,Performing Arts,Auditorium,Function,Adjacency & Access,AU-004,Select all that are present (stage and wing spaces),6
HS,Performing Arts,Auditorium,Function,Availability,AU-001,Is this space type present at the school?,0
HS,Performing Arts,Auditorium,Function,Layout & Flexibility,AU-007,Select all that apply (stage measurements),6
HS,Performing Arts,Auditorium,Observational,Observational,AU-012,"Can the performance venue support educational, school, and community performances? (Check all that apply)",0
HS,Performing Arts,Auditorium,Observational,Observational,AU-014,"Can the Scene Shop support design, fabrication, and production-based learning? (Check all that apply)",0
HS,Performing Arts,Auditorium,Occupant Experience,Circulation & Egress,AU-003,"Is at least one interior door a minimum of 84"" wide?",6
HS,Performing Arts,Auditorium,Occupant Experience,Occupant Comfort,AU-010,What type of acoustic treatment is in the room?,0
HS,Performing Arts,Auditorium,Occupant Experience,Occupant Comfort,AU-011,How many walls have acoustic treatment in the room?,6
HS,Performing Arts,Black Box,Amenities,Display & Presentation,BB-005,"How much writable surface (e.g., markerboard) is provided, excluding glass? Include both fixed and mobile writable surfaces in your count.",6
HS,Performing Arts,Black Box,Amenities,Display & Presentation,BB-006,Which built-in systems for displaying student work are provided?,6
HS,Performing Arts,Black Box,Amenities,Display & Presentation,BB-007,How much tackboard/tackwall/tackstrip is provided? Include both fixed and mobile surfaces.,6
HS,Performing Arts,Black Box,Amenities,Storage,BB-003,Select all that apply (storage),0
HS,Performing Arts,Black Box,Amenities,Storage,BB-004,How sufficient does the storage appear for the space's program needs?,6
HS,Performing Arts,Black Box,Function,Adjacency & Access,BB-013,What spaces are adjacent or in close proximity to the Black Box? Select all that apply,6
HS,Performing Arts,Black Box,Function,Availability,BB-001,Is this space type present at the school?,0
HS,Performing Arts,Black Box,Infrastructure,Flooring & Surface Finishes,BB-010,What type of flooring is in the space?,6
HS,Performing Arts,Black Box,Infrastructure,Utilities & Technology,BB-002,Select all that apply (lighting),6
HS,Performing Arts,Black Box,Infrastructure,Utilities & Technology,BB-008,Are there any visible workarounds accommodating a lack of power outlets?,6
HS,Performing Arts,Black Box,Observational,Observational,BB-014,"Can the environment support theatrical production, rehearsal, and performance? (Check all that apply)",0
HS,Performing Arts,Black Box,Occupant Experience,Occupant Comfort,BB-009,Select one (temperature control),6
HS,Performing Arts,Black Box,Occupant Experience,Occupant Comfort,BB-011,What type of acoustic treatment is in the room?,0
HS,Performing Arts,Black Box,Occupant Experience,Occupant Comfort,BB-012,How many walls have acoustic treatment in the room?,6
HS,Performing Arts,Dance,Amenities,Display & Presentation,DN-010,How much display case is provided?,6
HS,Performing Arts,Dance,Amenities,Furniture & Equipment,DN-016,Are there mirrors on the wall?,6
HS,Performing Arts,Dance,Amenities,Furniture & Equipment,DN-017,How many walls have mirrors?,6
HS,Performing Arts,Dance,Amenities,Furniture & Equipment,DN-018,Do the mirrors extend the full length of the wall(s) they're on?,6
HS,Performing Arts,Dance,Amenities,Furniture & Equipment,DN-019,How tall are the mirrors?,6
HS,Performing Arts,Dance,Amenities,Storage,DN-009,How sufficient does the storage appear for the space's program needs?,6
HS,Performing Arts,Dance,Function,Adjacency & Access,DN-003,Is the dance suite in close proximity to the Theater Arts spaces to support shared or combined locker/dressing spaces?,6
HS,Performing Arts,Dance,Function,Adjacency & Access,DN-004,Does the space have direct access to an outdoor area to support practice for outdoor performances like football games or Drill and Cheer practice?,6
HS,Performing Arts,Dance,Function,Adjacency & Access,DN-008,How many storage rooms are directly accessible from the dance rehearsal hall?,6
HS,Performing Arts,Dance,Function,Adjacency & Access,DN-020,What type of ballet barres are provided?,6
HS,Performing Arts,Dance,Function,Adjacency & Access,DN-027,What access does the space have to Dance Girls Locker Room?,6
HS,Performing Arts,Dance,Function,Adjacency & Access,DN-028,What access does the space have to Dance Boys Locker Room?,6
HS,Performing Arts,Dance,Function,Adjacency & Access,DN-029,What access does the space have to Dance All-Learner Locker Room?,6
HS,Performing Arts,Dance,Function,Availability,DN-001,Is this space type present at the school?,0
HS,Performing Arts,Dance,Function,Availability,DN-002,Select all that are present (spaces checklist),6
HS,Performing Arts,Dance,Function,Layout & Flexibility,DN-005,Select all that are present,6
HS,Performing Arts,Dance,Function,Layout & Flexibility,DN-006,The space has a minimum clear floor space (floor to underside of ceiling/structure) of 16'?,6
HS,Performing Arts,Dance,Infrastructure,Flooring & Surface Finishes,DN-015,Is the flooring wood athletic flooring?,6
HS,Performing Arts,Dance,Infrastructure,Utilities & Technology,DN-007,Select all that apply (lighting),6
HS,Performing Arts,Dance,Infrastructure,Utilities & Technology,DN-011,Are there any visible workarounds accommodating a lack of power outlets?,6
HS,Performing Arts,Dance,Infrastructure,Utilities & Technology,DN-021,Select all that are present (water),6
HS,Performing Arts,Dance,Infrastructure,Utilities & Technology,DN-030,Is there an integrated sound system?,6
HS,Performing Arts,Dance,Observational,Observational,DN-031,"Can the dance environment support movement-based learning, choreography, rehearsal, and performance preparation? (Check all that apply)",0
HS,Performing Arts,Dance,Observational,Observational,DN-032,Can the environment support dance performance preparation and collaborative creative work? (Check all that apply),0
HS,Performing Arts,Dance,Occupant Experience,Occupant Comfort,DN-012,Select one (temperature control),6
HS,Performing Arts,Dance,Occupant Experience,Occupant Comfort,DN-022,Are there exterior windows?,6
HS,Performing Arts,Dance,Occupant Experience,Occupant Comfort,DN-023,"Is daylight accessible through another means (e.g., an interior window shared with a space that has exterior windows)?",6
HS,Performing Arts,Dance,Occupant Experience,Occupant Comfort,DN-024,Select all that apply (exterior windows),6
HS,Performing Arts,Dance,Occupant Experience,Occupant Comfort,DN-025,What window coverings are provided on exterior windows?,6
HS,Performing Arts,Dance,Occupant Experience,Safety & Supervision,DN-013,What type of visibility is provided into the space from adjacent interior spaces or circulation?,6
HS,Performing Arts,Dance,Occupant Experience,Safety & Supervision,DN-014,How much of the wall facing the adjacent interior space or circulation is made up of interior window?,0
HS,Performing Arts,Dance,Occupant Experience,Safety & Supervision,DN-026,Select all that apply (safety),6
HS,Performing Arts,Music Suite,Amenities,Display & Presentation,MT-017,"How much writable surface (e.g., markerboard) is provided in the practice rooms, excluding glass?",6
HS,Performing Arts,Music Suite,Amenities,Storage,MT-005,What type of storage is provided in the Music Suite?,0
HS,Performing Arts,Music Suite,Amenities,Storage,MT-006,How sufficient does the storage appear for the space's program needs?,6
HS,Performing Arts,Music Suite,Amenities,Storage,MT-007,Where are instruments being stored?,6
HS,Performing Arts,Music Suite,Amenities,Storage,MT-010,How much casework is provided in the Music Library & Workroom?,6
HS,Performing Arts,Music Suite,Amenities,Storage,MT-011,How much countertop is provided in the Music Library & Workroom?,6
HS,Performing Arts,Music Suite,Function,Adjacency & Access,MT-008,Is the instrument storage space directly accessible from the music rehearsal hall?,6
HS,Performing Arts,Music Suite,Function,Adjacency & Access,MT-009,Are there additional storage spaces directly accessible from the music rehearsal hall?,6
HS,Performing Arts,Music Suite,Function,Availability,MT-001,Select all that are present (spaces checklist),0
HS,Performing Arts,Music Suite,Function,Availability,MT-002,How many rehearsal halls are in the Music Suite?,6
HS,Performing Arts,Music Suite,Function,Availability,MT-012,Are there a dedicated prep/dressing spaces directly accessible from the Fine Arts Suite?,6
HS,Performing Arts,Music Suite,Function,Availability,MT-013,Are practice rooms dispersed throughout the music wing and accessible from corridors to ensure equitable use by all music programs?,6
HS,Performing Arts,Music Suite,Function,Availability,MT-014,How many of the practice rooms have direct sightlines from the primary circulation?,6
HS,Performing Arts,Music Suite,Function,Layout & Flexibility,MT-018,Does the medium practice room have a minimum clear floor space (floor to underside of ceiling/structure) of 12'?,6
HS,Performing Arts,Music Suite,Function,Layout & Flexibility,MT-019,Do the small practice rooms have a minimum clear floor space (floor to underside of ceiling/structure) of 12'?,6
HS,Performing Arts,Music Suite,Observational,Observational,MT-020,"Can the Practice Rooms support independent practice, collaboration, and creative development? (Check all that apply)",0
HS,Performing Arts,Music Suite,Occupant Experience,Circulation & Egress,MT-003,Does the circulation space in the music suite provide sufficient circulation for large numbers of learners moving to and from the Rehearsal Halls?,6
HS,Performing Arts,Music Suite,Occupant Experience,Occupant Comfort,MT-015,What type of acoustic treatment is in the practice rooms?,0
HS,Performing Arts,Music Suite,Occupant Experience,Occupant Comfort,MT-016,How many walls have acoustic treatment in the practice rooms?,6
HS,Performing Arts,Rehearsal Hall,Amenities,Display & Presentation,RH-011,"How much writable surface (e.g., markerboard) is provided, excluding glass? Include both fixed and mobile writable surfaces in your count.",6
HS,Performing Arts,Rehearsal Hall,Amenities,Display & Presentation,RH-012,How much display case is provided?,6
HS,Performing Arts,Rehearsal Hall,Amenities,Display & Presentation,RH-013,Are a motorized projection screen and ceiling/wall-mounted projector provided in the rehearsal hall?,6
HS,Performing Arts,Rehearsal Hall,Amenities,Furniture & Equipment,RH-009,Select all that are present (equipment),0
HS,Performing Arts,Rehearsal Hall,Amenities,Storage,RH-008,Select all that apply (storage),0
HS,Performing Arts,Rehearsal Hall,Amenities,Storage,RH-010,How much casework is provided in the space?,6
HS,Performing Arts,Rehearsal Hall,Function,Layout & Flexibility,RH-001,What size rehearsal hall is this?,0
HS,Performing Arts,Rehearsal Hall,Function,Layout & Flexibility,RH-002,The large rehearsal hall has a minimum clear floor space (floor to underside of ceiling/structure) of 20'?,6
HS,Performing Arts,Rehearsal Hall,Function,Layout & Flexibility,RH-003,The medium rehearsal hall has a minimum clear floor space (floor to underside of ceiling/structure) of 18'?,6
HS,Performing Arts,Rehearsal Hall,Function,Layout & Flexibility,RH-004,The small rehearsal hall has a minimum clear floor space (floor to underside of ceiling/structure) of 16'?,6
HS,Performing Arts,Rehearsal Hall,Infrastructure,Flooring & Surface Finishes,RH-017,What type of flooring is in the space?,6
HS,Performing Arts,Rehearsal Hall,Infrastructure,Utilities & Technology,RH-007,Select all that apply (lighting),6
HS,Performing Arts,Rehearsal Hall,Infrastructure,Utilities & Technology,RH-014,Are there any visible workarounds accommodating a lack of power outlets?,6
HS,Performing Arts,Rehearsal Hall,Infrastructure,Utilities & Technology,RH-023,Select all that are present (water),6
HS,Performing Arts,Rehearsal Hall,Observational,Observational,RH-024,"Can the Band Hall support rehearsal, performance preparation, and ensemble development? (Check all that apply)",0
HS,Performing Arts,Rehearsal Hall,Observational,Observational,RH-025,"Can the Orchestra Hall support rehearsal, performance preparation, and ensemble development? (Check all that apply)",0
HS,Performing Arts,Rehearsal Hall,Observational,Observational,RH-026,"Can the Choir Hall support vocal instruction, rehearsal, and performance preparation? (Check all that apply)",0
HS,Performing Arts,Rehearsal Hall,Occupant Experience,Circulation & Egress,RH-022,"Is at least one interior door a minimum of 84"" wide?",6
HS,Performing Arts,Rehearsal Hall,Occupant Experience,Occupant Comfort,RH-005,What type of acoustic treatment is in the rehearsal hall?,0
HS,Performing Arts,Rehearsal Hall,Occupant Experience,Occupant Comfort,RH-006,How many walls have acoustic treatment in the rehearsal hall?,6
HS,Performing Arts,Rehearsal Hall,Occupant Experience,Occupant Comfort,RH-015,Select one (temperature control),6
HS,Performing Arts,Rehearsal Hall,Occupant Experience,Occupant Comfort,RH-018,Are there exterior windows?,6
HS,Performing Arts,Rehearsal Hall,Occupant Experience,Occupant Comfort,RH-019,"Is daylight accessible through another means (e.g., an interior window shared with a space that has exterior windows)?",6
HS,Performing Arts,Rehearsal Hall,Occupant Experience,Occupant Comfort,RH-020,Select all that apply (exterior windows),6
HS,Performing Arts,Rehearsal Hall,Occupant Experience,Occupant Comfort,RH-021,What window coverings are provided on exterior windows?,6
HS,Performing Arts,Rehearsal Hall,Occupant Experience,Safety & Supervision,RH-016,Select all that apply (safety),6
HS,Performing Arts,Theater Arts Studio,Amenities,Display & Presentation,TA-010,"How much writable surface (e.g., markerboard) is provided, excluding glass? Include both fixed and mobile writable surfaces in your count.",6
HS,Performing Arts,Theater Arts Studio,Amenities,Display & Presentation,TA-011,Which built-in systems for displaying student work are provided?,0
HS,Performing Arts,Theater Arts Studio,Amenities,Display & Presentation,TA-012,How much tackboard/tackwall/tackstrip is provided? Include both fixed and mobile surfaces.,6
HS,Performing Arts,Theater Arts Studio,Amenities,Storage,TA-008,Select all that apply (storage),0
HS,Performing Arts,Theater Arts Studio,Amenities,Storage,TA-009,How sufficient does the storage appear for the space's program needs?,6
HS,Performing Arts,Theater Arts Studio,Function,Adjacency & Access,TA-019,Is the Theater Arts Studio adjacent or in close proximity to the stage?,6
HS,Performing Arts,Theater Arts Studio,Function,Adjacency & Access,TA-020,Is the Theater Arts Studio located in close proximity to the Empower Center?,6
HS,Performing Arts,Theater Arts Studio,Function,Adjacency & Access,TA-022,How many storage rooms are directly accessible from the theater arts studio?,6
HS,Performing Arts,Theater Arts Studio,Function,Availability,TA-001,Is this space type present at the school?,0
HS,Performing Arts,Theater Arts Studio,Infrastructure,Flooring & Surface Finishes,TA-018,What type of flooring is in the space?,6
HS,Performing Arts,Theater Arts Studio,Infrastructure,Utilities & Technology,TA-002,Select all that apply (lighting),6
HS,Performing Arts,Theater Arts Studio,Infrastructure,Utilities & Technology,TA-013,Are there any visible workarounds accommodating a lack of power outlets?,6
HS,Performing Arts,Theater Arts Studio,Observational,Observational,TA-023,"Can the theater arts environment support acting, directing, design, and production-based learning? (Check all that apply)",0
HS,Performing Arts,Theater Arts Studio,Occupant Experience,Aesthetics,TA-003,Which of the following describes the condition of the wall finishes?,6
HS,Performing Arts,Theater Arts Studio,Occupant Experience,Occupant Comfort,TA-004,Are there exterior windows?,6
HS,Performing Arts,Theater Arts Studio,Occupant Experience,Occupant Comfort,TA-005,"Is daylight accessible through another means (e.g., an interior window shared with a space that has exterior windows)?",6
HS,Performing Arts,Theater Arts Studio,Occupant Experience,Occupant Comfort,TA-006,Select all that apply (exterior windows),6
HS,Performing Arts,Theater Arts Studio,Occupant Experience,Occupant Comfort,TA-007,What window coverings are provided on exterior windows?,6
HS,Performing Arts,Theater Arts Studio,Occupant Experience,Occupant Comfort,TA-014,Select one (temperature control),6
HS,Performing Arts,Theater Arts Studio,Occupant Experience,Safety & Supervision,TA-015,What type of visibility is provided into the space from adjacent interior spaces or circulation?,6
HS,Performing Arts,Theater Arts Studio,Occupant Experience,Safety & Supervision,TA-016,How much of the wall facing the adjacent interior space or circulation is made up of interior window?,0
HS,Performing Arts,Theater Arts Studio,Occupant Experience,Safety & Supervision,TA-017,Select all that apply (safety),6
HS,Performing Arts,Theater Arts Suite,Function,Adjacency & Access,TS-004,Select all that apply (restroom proximity),6
HS,Performing Arts,Theater Arts Suite,Function,Adjacency & Access,TS-005,"If the rest of the campus is locked down, are the restrooms identified above still accessible from the Theater Arts Suite?",6
HS,Performing Arts,Theater Arts Suite,Function,Adjacency & Access,TS-006,How is the Theater Arts Suite's loading area configured?,6
HS,Performing Arts,Theater Arts Suite,Function,Availability,TS-001,Is this space type present at the school?,0
HS,Performing Arts,Theater Arts Suite,Function,Availability,TS-003,Select all that are present (house spaces),6
HS,Performing Arts,Theater Arts Suite,Function,Layout & Flexibility,TS-002,Select all that apply (after-hours access),6
HS,Neighborhoods,Group Room,Amenities,Display & Presentation,GR-003,How many linear feet of writable surface is provided?,6
HS,Neighborhoods,Group Room,Amenities,Furniture & Equipment,GR-007,Select all that are present (furniture),0
HS,Neighborhoods,Group Room,Amenities,Furniture & Equipment,GR-008,How easily can the furniture be rearranged?,6
HS,Neighborhoods,Group Room,Amenities,Furniture & Equipment,GR-009,What is the condition of the furniture?,6
HS,Neighborhoods,Group Room,Function,Availability,GR-001,Is this space type present at the school?,0
HS,Neighborhoods,Group Room,Infrastructure,Utilities & Technology,GR-002,Select all that apply (lighting),6
HS,Neighborhoods,Group Room,Infrastructure,Utilities & Technology,GR-004,Are there any visible workarounds accommodating a lack of power outlets?,6
HS,Neighborhoods,Group Room,Observational,Observational,GR-010,Is there observable evidence that group rooms function as shared instructional resources? (check all that apply),0
HS,Neighborhoods,Group Room,Observational,Observational,GR-011,Select all that apply (Education Efficiency),0
HS,Neighborhoods,Group Room,Occupant Experience,Safety & Supervision,GR-005,What type of visibility is provided into the space from adjacent interior spaces or circulation?,6
HS,Neighborhoods,Group Room,Occupant Experience,Safety & Supervision,GR-006,How much of the wall facing the adjacent interior space or circulation is made up of interior window?,0
HS,Neighborhoods,Neighborhood,Function,Adjacency & Access,NH-009,Are the small group rooms distributed throughout the neighborhood so that all studios have similarly convenient access?,6
HS,Neighborhoods,Neighborhood,Function,Adjacency & Access,NH-012,Where is a learner restroom located relative to the neighborhood?,6
HS,Neighborhoods,Neighborhood,Function,Adjacency & Access,NH-013,Where is an adult restroom located relative to the neighborhood?,6
HS,Neighborhoods,Neighborhood,Function,Adjacency & Access,NH-014,Select all that apply (neighborhood adjacency),6
HS,Neighborhoods,Neighborhood,Function,Availability,NH-001,Is this space type present at the school?,0
HS,Neighborhoods,Neighborhood,Function,Availability,NH-006,Select all that are present (spaces checklist),6
HS,Neighborhoods,Neighborhood,Function,Availability,NH-008,How many small group rooms (fits 3-5 students) are in the neighborhood?,6
HS,Neighborhoods,Neighborhood,Function,Availability,NH-010,Is there a large group room (fits 8-14 students) in the neighborhood?,6
HS,Neighborhoods,Neighborhood,Function,Availability,NH-011,How many Science Labs are in the neighborhood?,6
HS,Neighborhoods,Neighborhood,Function,Layout & Flexibility,NH-003,Does main circulation avoid traveling through the neighborhood to limit opportunities for disruption?,6
HS,Neighborhoods,Neighborhood,Infrastructure,Layout & Flexibility,NH-015,How many operable partitions (between studios and/or open collaboration spaces) does the neighborhood have?,6
HS,Neighborhoods,Neighborhood,Observational,Observational,NH-016,Can the neighborhood function as a space for student social emotional regulation? (Check all that apply),0
HS,Neighborhoods,Neighborhood,Observational,Observational,NH-017,Can the neighborhood function as a collaborative learning community? (Check all that apply),0
HS,Neighborhoods,Neighborhood,Observational,Observational,NH-018,Is there evidence that shared learning spaces within the neighborhood are actively used for instruction and collaboration? (check all that apply),0
HS,Neighborhoods,Neighborhood,Observational,Observational,NH-019,All-learner restrooms have been gendered through signage.,0
HS,Neighborhoods,Neighborhood,Occupant Experience,Safety & Supervision,NH-002,Select all that apply (neighborhood security),6
HS,Neighborhoods,Open Collaboration,Amenities,Display & Presentation,OC-003,"How much writable surface (e.g., markerboard) is provided, excluding glass? Include both fixed and mobile writable surfaces.",6
HS,Neighborhoods,Open Collaboration,Amenities,Furniture & Equipment,OC-007,Select all that are present (furniture),0
HS,Neighborhoods,Open Collaboration,Amenities,Furniture & Equipment,OC-008,How easily can the furniture be rearranged?,6
HS,Neighborhoods,Open Collaboration,Amenities,Furniture & Equipment,OC-009,"How varied are the seating options for students (i.e., seating beyond standard hard chairs, such as soft or active seating)?",6
HS,Neighborhoods,Open Collaboration,Amenities,Furniture & Equipment,OC-010,What is the condition of the furniture?,6
HS,Neighborhoods,Open Collaboration,Function,Adjacency & Access,OC-006,What portion of all studios in the neighborhood have direct access to the open collaboration space?,6
HS,Neighborhoods,Open Collaboration,Function,Availability,OC-001,Is this space type present at the school?,0
HS,Neighborhoods,Open Collaboration,Infrastructure,Flooring & Surface Finishes,OC-011,What type of flooring is in the space?,6
HS,Neighborhoods,Open Collaboration,Infrastructure,Utilities & Technology,OC-004,Are there any visible workarounds accommodating a lack of power outlets?,6
HS,Neighborhoods,Open Collaboration,Infrastructure,Utilities & Technology,OC-012,Select all that are present (water access),6
HS,Neighborhoods,Open Collaboration,Observational,Observational,OC-013,Select all that apply (Education Efficiency),0
HS,Neighborhoods,Open Collaboration,Occupant Experience,Safety & Supervision,OC-005,What type of visibility do neighboring studios have into the space?,6
HS,Athletics and Wellness,Athletics Wing,Amenities,Storage,AT-005,How many storage rooms are provided?,6
HS,Athletics and Wellness,Athletics Wing,Function,Adjacency & Access,AT-002,Does the athletics wing provide direct access to the outdoor athletics area?,6
HS,Athletics and Wellness,Athletics Wing,Function,Availability,AT-003,Select all that are present (spaces checklist),6
HS,Athletics and Wellness,Athletics Wing,Function,Availability,AT-004,Select all that are present (spaces checklist),6
HS,Athletics and Wellness,Athletics Wing,Function,Availability,AT-006,How many small group rooms are provided?,6
HS,Athletics and Wellness,Athletics Wing,Function,Availability,AT-007,How many Athletics and Wellness PLCs are provided?,6
HS,Athletics and Wellness,Athletics Wing,Function,Layout & Flexibility,AT-001,Select all that apply (after-hours access),6
HS,Athletics and Wellness,Competition Gym,Amenities,Display & Presentation,CG-013,"How much writable surface (e.g., markerboard) is provided, excluding glass? Include both fixed and mobile surfaces.",6
HS,Athletics and Wellness,Competition Gym,Amenities,Display & Presentation,CG-015,Select all that apply (presentation technology),6
HS,Athletics and Wellness,Competition Gym,Amenities,Furniture & Equipment,CG-016,How many pairs of motorized basketball backboards are provided?,6
HS,Athletics and Wellness,Competition Gym,Amenities,Furniture & Equipment,CG-017,How many electronic scoreboards are provided?,6
HS,Athletics and Wellness,Competition Gym,Amenities,Storage,CG-018,Is there an ensuite equipment storage room?,6
HS,Athletics and Wellness,Competition Gym,Function,Adjacency & Access,CG-019,Is there direct access to the athletics lobby to support safe and efficient circulation in surge space?,6
HS,Athletics and Wellness,Competition Gym,Function,Availability,CG-001,Is this space type present at the school?,0
HS,Athletics and Wellness,Competition Gym,Function,Layout & Flexibility,CG-002,Does the competition gym provide one main court and two cross-courts for both basketball and volleyball?,6
HS,Athletics and Wellness,Competition Gym,Function,Layout & Flexibility,CG-006,What is the status of main court bleacher seating?,6
HS,Athletics and Wellness,Competition Gym,Function,Layout & Flexibility,CG-007,Are cross-court bleachers provided?,0
HS,Athletics and Wellness,Competition Gym,Function,Layout & Flexibility,CG-008,Does the space have a minimum clear floor space (floor to underside of ceiling/structure) of 16'?,6
HS,Athletics and Wellness,Competition Gym,Function,Layout & Flexibility,CG-009,"Select all that apply for basketball full court (clearance, measured from sideline to closest wall or bleachers)",6
HS,Athletics and Wellness,Competition Gym,Function,Layout & Flexibility,CG-010,"Select all that apply basketball cross courts (clearance, measured from sideline to closest wall or bleachers)",6
HS,Athletics and Wellness,Competition Gym,Function,Layout & Flexibility,CG-011,Is there water directly adjacent to or in close proximity to the gym? Select all that apply.,6
HS,Athletics and Wellness,Competition Gym,Function,Layout & Flexibility,CG-012,Is there a restroom directly adjacent to or in close proximity to the gym? Select all that apply.,6
HS,Athletics and Wellness,Competition Gym,Infrastructure,Flooring & Surface Finishes,CG-005,Is the flooring wood athletic flooring?,6
HS,Athletics and Wellness,Competition Gym,Infrastructure,Utilities & Technology,CG-014,Are there any visible workarounds accommodating a lack of power outlets?,6
HS,Athletics and Wellness,Competition Gym,Infrastructure,Utilities & Technology,CG-020,Select all that apply (scoring table floor box),6
HS,Athletics and Wellness,Competition Gym,Observational,Observational,CG-021,"Are flexible spaces available to support daily PE classes, athletic team practices, and competitive events for all sports? (check all that apply)",0
HS,Athletics and Wellness,Competition Gym,Occupant Experience,Circulation & Egress,CG-003,"Are separate entries and exits provided for home and visiting teams, distinct from spectator circulation?",6
HS,Athletics and Wellness,Competition Gym,Occupant Experience,Circulation & Egress,CG-004,"Is at least one door a minimum of 72"" wide?",6
HS,Athletics and Wellness,Locker Room,Function,Adjacency & Access,LR-004,Select all that apply (access),6
HS,Athletics and Wellness,Locker Room,Function,Adjacency & Access,LR-006,Select all that apply (close proximity),6
HS,Athletics and Wellness,Locker Room,Function,Availability,LR-001,Is this space type present at the school?,0
HS,Athletics and Wellness,Locker Room,Function,Availability,LR-002,Select all that are present:,6
HS,Athletics and Wellness,Locker Room,Infrastructure,Utilities & Technology,LR-005,Select all that apply (plumbing),6
HS,Athletics and Wellness,Locker Room,Occupant Experience,Safety & Supervision,LR-003,Are the locker rooms secure and lockable when not in use?,6
HS,Athletics and Wellness,Multi-Purpose Gym,Amenities,Display & Presentation,MG-012,"How much writable surface (e.g., markerboard) is provided, excluding glass? Include both fixed and mobile surfaces.",6
HS,Athletics and Wellness,Multi-Purpose Gym,Amenities,Display & Presentation,MG-014,Select all that apply (presentation technology),6
HS,Athletics and Wellness,Multi-Purpose Gym,Amenities,Furniture & Equipment,MG-015,How many pairs of motorized basketball backboards are provided?,6
HS,Athletics and Wellness,Multi-Purpose Gym,Amenities,Furniture & Equipment,MG-016,How many electronic scoreboards are provided?,6
HS,Athletics and Wellness,Multi-Purpose Gym,Amenities,Storage,MG-017,Is there an ensuite equipment storage room?,6
HS,Athletics and Wellness,Multi-Purpose Gym,Function,Adjacency & Access,MG-018,Is there direct access to the athletics lobby to support safe and efficient circulation in surge space?,6
HS,Athletics and Wellness,Multi-Purpose Gym,Function,Availability,MG-001,Is this space type present at the school?,0
HS,Athletics and Wellness,Multi-Purpose Gym,Function,Layout & Flexibility,MG-002,Does the multipurpose gym provide one main court and two cross-courts for both basketball and volleyball?,6
HS,Athletics and Wellness,Multi-Purpose Gym,Function,Layout & Flexibility,MG-005,What is the status of main court bleacher seating?,6
HS,Athletics and Wellness,Multi-Purpose Gym,Function,Layout & Flexibility,MG-006,Are cross-court bleachers provided?,0
HS,Athletics and Wellness,Multi-Purpose Gym,Function,Layout & Flexibility,MG-007,Does the space have a minimum clear floor space (floor to underside of ceiling/structure) of 16'?,6
HS,Athletics and Wellness,Multi-Purpose Gym,Function,Layout & Flexibility,MG-008,"Select all that apply for basketball full court (clearance, measured from sideline to closest wall or bleachers)",6
HS,Athletics and Wellness,Multi-Purpose Gym,Function,Layout & Flexibility,MG-009,"Select all that apply basketball cross courts (clearance, measured from sideline to closest wall or bleachers)",6
HS,Athletics and Wellness,Multi-Purpose Gym,Function,Layout & Flexibility,MG-010,Is there water directly adjacent to or in close proximity to the gym? Select all that apply.,6
HS,Athletics and Wellness,Multi-Purpose Gym,Function,Layout & Flexibility,MG-011,Is there a restroom directly adjacent to or in close proximity to the gym? Select all that apply.,6
HS,Athletics and Wellness,Multi-Purpose Gym,Infrastructure,Flooring & Surface Finishes,MG-004,Is the flooring wood athletic flooring?,6
HS,Athletics and Wellness,Multi-Purpose Gym,Infrastructure,Utilities & Technology,MG-013,Are there any visible workarounds accommodating a lack of power outlets?,6
HS,Athletics and Wellness,Multi-Purpose Gym,Infrastructure,Utilities & Technology,MG-019,Select all that apply (scoring table floor box),6
HS,Athletics and Wellness,Multi-Purpose Gym,Observational,Observational,MG-020,"Are flexible spaces available to support daily PE classes, athletic team practices, and competitive events for all sports? (check all that apply)",0
HS,Athletics and Wellness,Multi-Purpose Gym,Occupant Experience,Circulation & Egress,MG-003,"Is at least one door a minimum of 72"" wide?",6
HS,Athletics and Wellness,Outdoor Athletics,Amenities,Furniture & Equipment,OA-006,Is there a press box for the football/soccer field?,6
HS,Athletics and Wellness,Outdoor Athletics,Amenities,Furniture & Equipment,OA-010,What is the status of spectator seating at the football/soccer field?,6
HS,Athletics and Wellness,Outdoor Athletics,Amenities,Furniture & Equipment,OA-014,Select all that are present (track and field areas),6
HS,Athletics and Wellness,Outdoor Athletics,Amenities,Furniture & Equipment,OA-028,What is the status of spectator seating at the tennis courts?,6
HS,Athletics and Wellness,Outdoor Athletics,Amenities,Furniture & Equipment,OA-034,What is the status of spectator seating at the baseball field?,6
HS,Athletics and Wellness,Outdoor Athletics,Amenities,Furniture & Equipment,OA-040,What is the status of spectator seating at the softball field?,6
HS,Athletics and Wellness,Outdoor Athletics,Amenities,Storage,OA-011,How sufficient does the storage appear for the space's program needs?,6
HS,Athletics and Wellness,Outdoor Athletics,Amenities,Storage,OA-021,How sufficient does the storage appear for the space's program needs?,6
HS,Athletics and Wellness,Outdoor Athletics,Amenities,Storage,OA-029,How sufficient does the storage appear for the space's program needs?,6
HS,Athletics and Wellness,Outdoor Athletics,Amenities,Storage,OA-035,How sufficient does the storage appear for the space's program needs?,6
HS,Athletics and Wellness,Outdoor Athletics,Amenities,Storage,OA-041,How sufficient does the storage appear for the space's program needs?,6
HS,Athletics and Wellness,Outdoor Athletics,Function,Adjacency & Access,OA-007,Is there direct pedestrian access from the parking lot to the football/soccer field?,6
HS,Athletics and Wellness,Outdoor Athletics,Function,Adjacency & Access,OA-008,Is there restroom access within 500 feet of the football/soccer field?,6
HS,Athletics and Wellness,Outdoor Athletics,Function,Adjacency & Access,OA-019,Is there direct pedestrian access from the parking lot to the track and field event areas?,6
HS,Athletics and Wellness,Outdoor Athletics,Function,Adjacency & Access,OA-020,Is there restroom access within 500 feet of the track and field event areas?,6
HS,Athletics and Wellness,Outdoor Athletics,Function,Adjacency & Access,OA-025,Is there direct pedestrian access from the parking lot to the tennis courts?,6
HS,Athletics and Wellness,Outdoor Athletics,Function,Adjacency & Access,OA-026,Is there restroom access within 500 feet of the tennis courts?,6
HS,Athletics and Wellness,Outdoor Athletics,Function,Adjacency & Access,OA-031,Is there direct pedestrian access from the parking lot to the baseball field?,6
HS,Athletics and Wellness,Outdoor Athletics,Function,Adjacency & Access,OA-032,Is there restroom access within 500 feet of the baseball field?,6
HS,Athletics and Wellness,Outdoor Athletics,Function,Adjacency & Access,OA-037,Is there direct pedestrian access from the parking lot to the softball field?,6
HS,Athletics and Wellness,Outdoor Athletics,Function,Adjacency & Access,OA-038,Is there restroom access within 500 feet of the softball field?,6
HS,Athletics and Wellness,Outdoor Athletics,Function,Availability,OA-001,Is there a football/soccer field?,6
HS,Athletics and Wellness,Outdoor Athletics,Function,Availability,OA-004,Is there a football/soccer practice field?,6
HS,Athletics and Wellness,Outdoor Athletics,Function,Availability,OA-012,Is there a track and field event area?,6
HS,Athletics and Wellness,Outdoor Athletics,Function,Availability,OA-015,Is there a clear line of sight from the track to most field event areas?,6
HS,Athletics and Wellness,Outdoor Athletics,Function,Availability,OA-022,Are there tennis courts?,6
HS,Athletics and Wellness,Outdoor Athletics,Function,Availability,OA-024,How many tennis courts are provided?,6
HS,Athletics and Wellness,Outdoor Athletics,Function,Availability,OA-030,Is there a baseball field?,6
HS,Athletics and Wellness,Outdoor Athletics,Function,Availability,OA-036,Is there a softball field?,6
HS,Athletics and Wellness,Outdoor Athletics,Function,Layout & Flexibility,OA-017,How many lanes does the track have?,6
HS,Athletics and Wellness,Outdoor Athletics,Function,Layout & Flexibility,OA-018,Is the track a standard 400-meter distance?,6
HS,Athletics and Wellness,Outdoor Athletics,Infrastructure,Flooring & Surface Finishes,OA-002,What is the surface of the football/soccer field?,6
HS,Athletics and Wellness,Outdoor Athletics,Infrastructure,Flooring & Surface Finishes,OA-005,What is the surface of the football/soccer practice field?,0
HS,Athletics and Wellness,Outdoor Athletics,Infrastructure,Utilities & Technology,OA-009,Is field lighting provided at the football/soccer field?,6
HS,Athletics and Wellness,Outdoor Athletics,Infrastructure,Utilities & Technology,OA-027,Is field lighting provided at the tennis courts?,6
HS,Athletics and Wellness,Outdoor Athletics,Infrastructure,Utilities & Technology,OA-033,Is field lighting provided at the baseball field?,6
HS,Athletics and Wellness,Outdoor Athletics,Infrastructure,Utilities & Technology,OA-039,Is field lighting provided at the softball field?,6
HS,Athletics and Wellness,PE Fitness Room,Amenities,Display & Presentation,PF-003,"How much writable surface (e.g., markerboard) is provided, excluding glass? Include both fixed and mobile surfaces.",6
HS,Athletics and Wellness,PE Fitness Room,Amenities,Display & Presentation,PF-004,How much tackboard/tackwall/tackstrip is provided? Include both fixed and mobile surfaces.,6
HS,Athletics and Wellness,PE Fitness Room,Amenities,Furniture & Equipment,PF-007,Select all that apply (mirrors),6
HS,Athletics and Wellness,PE Fitness Room,Amenities,Furniture & Equipment,PF-008,Select all that apply (exercise equipment),6
HS,Athletics and Wellness,PE Fitness Room,Function,Availability,PF-001,Is this space type present at the school?,0
HS,Athletics and Wellness,PE Fitness Room,Function,Layout & Flexibility,PF-002,Does the space have a minimum clear floor space (floor to underside of ceiling/structure) of 16'?,6
HS,Athletics and Wellness,PE Fitness Room,Infrastructure,Utilities & Technology,PF-005,Are there any visible workarounds accommodating a lack of power outlets?,6
HS,Athletics and Wellness,PE Fitness Room,Infrastructure,Utilities & Technology,PF-006,Select all that apply (water),6
HS,Athletics and Wellness,Weight Room,Amenities,Furniture & Equipment,WE-004,Select all that are present:,6
HS,Athletics and Wellness,Weight Room,Function,Adjacency & Access,WE-003,Is the space in close proximity to locker rooms and/or multipurpose/practice gyms?,6
HS,Athletics and Wellness,Weight Room,Function,Availability,WE-001,Is this space type present at the school?,0
HS,Athletics and Wellness,Weight Room,Function,Availability,WE-002,Select all that are present:,6
HS,Athletics and Wellness,Weight Room,Function,Layout & Flexibility,WE-005,Is there ample space for safe circulation around the equipment?,6
HS,Athletics and Wellness,Weight Room,Function,Layout & Flexibility,WE-006,Do overhead doors provide access to an exterior weight training yard?,6
HS,Athletics and Wellness,Weight Room,Infrastructure,Utilities & Technology,WE-008,Are there any visible workarounds accommodating a lack of power outlets?,6
HS,Athletics and Wellness,Weight Room,Infrastructure,Utilities & Technology,WE-009,Select all that apply (water),6
HS,Athletics and Wellness,Weight Room,Occupant Experience,Circulation & Egress,WE-007,"Is at least one interior door a minimum of 72"" wide?",6
HS,Athletics and Wellness,Wrestling,Amenities,Display & Presentation,WR-007,"How much writable surface (e.g., markerboard) is provided, excluding glass? Include both fixed and mobile surfaces.",6
HS,Athletics and Wellness,Wrestling,Amenities,Furniture & Equipment,WR-004,Is an observation platform provided?,6
HS,Athletics and Wellness,Wrestling,Function,Adjacency & Access,WR-002,Is the space in close proximity to locker rooms or multipurpose/practice gyms?,6
HS,Athletics and Wellness,Wrestling,Function,Availability,WR-001,Is this space type present at the school?,0
HS,Athletics and Wellness,Wrestling,Function,Layout & Flexibility,WR-003,Select all that apply (mat clearance),6
HS,Athletics and Wellness,Wrestling,Function,Layout & Flexibility,WR-005,Does the space have a minimum clear floor space (floor to underside of ceiling/structure) of 16'?,6
HS,Athletics and Wellness,Wrestling,Infrastructure,Utilities & Technology,WR-008,Are there any visible workarounds accommodating a lack of power outlets?,6
HS,Athletics and Wellness,Wrestling,Infrastructure,Utilities & Technology,WR-009,Select all that apply (water),6
HS,Athletics and Wellness,Wrestling,Occupant Experience,Circulation & Egress,WR-006,"Is at least one interior door a minimum of 72"" wide?",6
HS,Shared Spaces,Dining Commons,Amenities,Display & Presentation,DC-015,How much tackboard/tackwall/tackstrip is provided? Include both fixed and mobile surfaces in your count.,6
HS,Shared Spaces,Dining Commons,Amenities,Furniture & Equipment,DC-008,Is a variety of furniture and/or modular furniture provided to support both small and large group collaboration when used as a learning space?,6
HS,Shared Spaces,Dining Commons,Amenities,Furniture & Equipment,DC-029,Select all that apply (general inventory),6
HS,Shared Spaces,Dining Commons,Amenities,Storage,DC-018,"Is a storage closet provided for chairs, tables, and portable stage?",6
HS,Shared Spaces,Dining Commons,Amenities,Storage,DC-030,Is the custodial storage sufficient for all custodial equipment to be kept out of sight when not in use?,6
HS,Shared Spaces,Dining Commons,Function,Adjacency & Access,DC-005,Which best describes the Dining Commons configuration?,6
HS,Shared Spaces,Dining Commons,Function,Adjacency & Access,DC-023,What is the Dining Commons' proximity to the gymnasium?,6
HS,Shared Spaces,Dining Commons,Function,Adjacency & Access,DC-024,What is the Dining Commons' proximity to the Empower Center?,6
HS,Shared Spaces,Dining Commons,Function,Adjacency & Access,DC-025,Select all that apply (entrance and access),6
HS,Shared Spaces,Dining Commons,Function,Adjacency & Access,DC-026,Can the Dining Commons be accessed for after-hours use while restricting access to the rest of campus?,6
HS,Shared Spaces,Dining Commons,Function,Adjacency & Access,DC-027,Select all that apply (restroom proximity),6
HS,Shared Spaces,Dining Commons,Function,Adjacency & Access,DC-028,"If the rest of the campus is locked down, are the restrooms identified above still accessible from the Dining Commons?",6
HS,Shared Spaces,Dining Commons,Function,Availability,DC-001,Is this space type present at the school?,0
HS,Shared Spaces,Dining Commons,Function,Availability,DC-006,How many dispersed Dining Commons locations are provided?,6
HS,Shared Spaces,Dining Commons,Infrastructure,Flooring & Surface Finishes,DC-003,What type of flooring is in the space?,6
HS,Shared Spaces,Dining Commons,Infrastructure,Utilities & Technology,DC-009,Are there any visible workarounds accommodating a lack of power outlets?,6
HS,Shared Spaces,Dining Commons,Observational,Observational,DC-031,Can the Dining Commons support community gathering and learning activities in addition to meal service? (check all that apply),0
HS,Shared Spaces,Dining Commons,Occupant Experience,Aesthetics,DC-002,Which of the following describes the condition of the wall finishes?,6
HS,Shared Spaces,Dining Commons,Occupant Experience,Occupant Comfort,DC-010,Is there an outdoor dining space?,6
HS,Shared Spaces,Dining Commons,Occupant Experience,Occupant Comfort,DC-012,Are there exterior windows?,6
HS,Shared Spaces,Dining Commons,Occupant Experience,Occupant Comfort,DC-013,"Is daylight accessible through another means (e.g., an interior window shared with a space that has exterior windows)?",6
HS,Shared Spaces,Dining Commons,Occupant Experience,Occupant Comfort,DC-014,Select all that apply (exterior windows),6
HS,Shared Spaces,Dining Commons,Occupant Experience,Safety & Supervision,DC-007,Does the dispersed Dining Commons have sightlines from an adjacent space for passive supervision?,6
HS,Shared Spaces,Dining Commons,Occupant Experience,Safety & Supervision,DC-011,Select all that are present (outdoor dining),6
HS,Shared Spaces,Empower Center,Amenities,Display & Presentation,EM-017,"How much writable surface (e.g., markerboard) is provided, excluding glass? Include both fixed and mobile writable surfaces in your count.",6
HS,Shared Spaces,Empower Center,Amenities,Furniture & Equipment,EM-024,Select all that are present (furniture),0
HS,Shared Spaces,Empower Center,Amenities,Furniture & Equipment,EM-025,How easily can the furniture be rearranged?,6
HS,Shared Spaces,Empower Center,Amenities,Furniture & Equipment,EM-026,What is the condition of the furniture?,6
HS,Shared Spaces,Empower Center,Amenities,Furniture & Equipment,EM-032,Is there a vertically adjustable pipe grid system provided?,6
HS,Shared Spaces,Empower Center,Amenities,Furniture & Equipment,EM-033,Select all that apply (presentation technology),6
HS,Shared Spaces,Empower Center,Function,Adjacency & Access,EM-002,Is the space located on the ground floor?,6
HS,Shared Spaces,Empower Center,Function,Adjacency & Access,EM-003,"Is the space accessible from a primary circulation path, rather than embedded within a single department?",6
HS,Shared Spaces,Empower Center,Function,Adjacency & Access,EM-004,What is the Empower Center's proximity to the Dining Commons?,6
HS,Shared Spaces,Empower Center,Function,Adjacency & Access,EM-005,Is there close proximity to a custodial space that has the capacity for housing specialized equipment?,6
HS,Shared Spaces,Empower Center,Function,Adjacency & Access,EM-007,Do the Staging Areas have a 12' wide opening connecting to their adjacent Core Space?,6
HS,Shared Spaces,Empower Center,Function,Adjacency & Access,EM-008,Select all that apply (staging area connections),6
HS,Shared Spaces,Empower Center,Function,Adjacency & Access,EM-010,What sightlines does the Control Room have into the Core Space(s)?,6
HS,Shared Spaces,Empower Center,Function,Adjacency & Access,EM-029,What access does the space have to the exterior?,6
HS,Shared Spaces,Empower Center,Function,Adjacency & Access,EM-030,How is the Empower Center's loading area configured?,6
HS,Shared Spaces,Empower Center,Function,Adjacency & Access,EM-034,"Is there an auxiliary entry near the Empower Center that can be used independently from the rest of campus, allowing after-hours use while restricting the rest of campus?",6
HS,Shared Spaces,Empower Center,Function,Adjacency & Access,EM-035,Select all that apply (restroom proximity),6
HS,Shared Spaces,Empower Center,Function,Adjacency & Access,EM-036,"If the rest of the campus is locked down, are the restrooms identified above still accessible from the Empower Center?",6
HS,Shared Spaces,Empower Center,Function,Availability,EM-001,Is this space type present at the school?,0
HS,Shared Spaces,Empower Center,Function,Availability,EM-006,How many staging spaces are provided?,6
HS,Shared Spaces,Empower Center,Function,Availability,EM-009,Is a Control Room provided?,6
HS,Shared Spaces,Empower Center,Function,Layout & Flexibility,EM-011,Is there an acoustical partition provided to divide the space?,6
HS,Shared Spaces,Empower Center,Infrastructure,Flooring & Surface Finishes,EM-027,What type of flooring is in the Core Space?,6
HS,Shared Spaces,Empower Center,Infrastructure,Flooring & Surface Finishes,EM-028,What type of flooring is in the Staging Area(s)?,6
HS,Shared Spaces,Empower Center,Infrastructure,Utilities & Technology,EM-012,Select all that apply (lighting),6
HS,Shared Spaces,Empower Center,Infrastructure,Utilities & Technology,EM-018,Are there any visible workarounds accommodating a lack of power outlets?,6
HS,Shared Spaces,Empower Center,Infrastructure,Utilities & Technology,EM-019,How many ceiling-hung outlets are provided?,6
HS,Shared Spaces,Empower Center,Infrastructure,Utilities & Technology,EM-037,Select all that apply (general inventory),6
HS,Shared Spaces,Empower Center,Occupant Experience,Aesthetics,EM-013,Which of the following describes the condition of the wall finishes?,6
HS,Shared Spaces,Empower Center,Occupant Experience,Circulation & Egress,EM-031,Select all that apply (doors from primary circulation),6
HS,Shared Spaces,Empower Center,Occupant Experience,Occupant Comfort,EM-014,Are there exterior windows?,6
HS,Shared Spaces,Empower Center,Occupant Experience,Occupant Comfort,EM-015,"Is daylight accessible through another means (e.g., an interior window shared with a space that has exterior windows)?",6
HS,Shared Spaces,Empower Center,Occupant Experience,Occupant Comfort,EM-016,What window coverings are provided on exterior windows?,6
HS,Shared Spaces,Empower Center,Occupant Experience,Occupant Comfort,EM-020,Select one (temperature control),6
HS,Shared Spaces,Empower Center,Occupant Experience,Safety & Supervision,EM-021,What type of visibility is provided into the space from adjacent interior spaces or circulation?,6
HS,Shared Spaces,Empower Center,Occupant Experience,Safety & Supervision,EM-022,How much of the wall facing the adjacent interior space or circulation is made up of interior window?,0
HS,Shared Spaces,Empower Center,Occupant Experience,Safety & Supervision,EM-023,Select all that apply (safety),6
HS,Shared Spaces,Library Media Center,Amenities,Display & Presentation,MC-020,"How much writable surface (e.g., markerboard) is provided in the reading room / teaching area, excluding glass? Include both fixed and mobile writable surfaces in your count.",6
HS,Shared Spaces,Library Media Center,Amenities,Display & Presentation,MC-021,How much tackboard/tackwall/tackstrip is provided? Include both fixed and mobile surfaces.,6
HS,Shared Spaces,Library Media Center,Amenities,Furniture & Equipment,MC-029,Select all that are present (furniture),6
HS,Shared Spaces,Library Media Center,Amenities,Furniture & Equipment,MC-030,"Are the book stacks flexible (i.e., mobile and/or reconfigurable)?",6
HS,Shared Spaces,Library Media Center,Amenities,Furniture & Equipment,MC-031,How easily can the furniture be rearranged?,6
HS,Shared Spaces,Library Media Center,Amenities,Furniture & Equipment,MC-032,What is the condition of the furniture?,6
HS,Shared Spaces,Library Media Center,Amenities,Furniture & Equipment,MC-033,Select all that apply (circulation desk),6
HS,Shared Spaces,Library Media Center,Amenities,Storage,MC-015,Select all that apply (storage in the reading room / teaching area),0
HS,Shared Spaces,Library Media Center,Amenities,Storage,MC-016,How sufficient does the storage appear for the reading room / teaching area's program needs?,6
HS,Shared Spaces,Library Media Center,Amenities,Storage,MC-018,How much casework is provided in the office/workroom?,6
HS,Shared Spaces,Library Media Center,Amenities,Storage,MC-019,How much countertop is provided in the office/workroom?,6
HS,Shared Spaces,Library Media Center,Function,Adjacency & Access,MC-002,Select all that apply (visibility and access),6
HS,Shared Spaces,Library Media Center,Function,Adjacency & Access,MC-035,Select all that apply (restroom access),6
HS,Shared Spaces,Library Media Center,Function,Availability,MC-001,Is this space type present at the school?,0
HS,Shared Spaces,Library Media Center,Function,Availability,MC-005,Select all that apply (spaces checklist),6
HS,Shared Spaces,Library Media Center,Function,Availability,MC-006,How many offices are provided?,6
HS,Shared Spaces,Library Media Center,Function,Availability,MC-007,How many group rooms are provided?,6
HS,Shared Spaces,Library Media Center,Infrastructure,Flooring & Surface Finishes,MC-034,What type of flooring is in the space?,0
HS,Shared Spaces,Library Media Center,Infrastructure,Utilities & Technology,MC-009,Select all that apply (lighting),6
HS,Shared Spaces,Library Media Center,Infrastructure,Utilities & Technology,MC-022,How many floor box locations are provided in the space?,6
HS,Shared Spaces,Library Media Center,Infrastructure,Utilities & Technology,MC-023,Are there any visible workarounds accommodating a lack of power outlets?,6
HS,Shared Spaces,Library Media Center,Infrastructure,Utilities & Technology,MC-036,Select all that apply (general inventory),0
HS,Shared Spaces,Library Media Center,Observational,Observational,MC-037,"Can the Media Center function as a hub for inquiry, exploration, collaboration, and creation? (check all that apply)",0
HS,Shared Spaces,Library Media Center,Occupant Experience,Aesthetics,MC-010,Which of the following describes the condition of the wall finishes?,6
HS,Shared Spaces,Library Media Center,Occupant Experience,Occupant Comfort,MC-008,Select all that apply (acoustic zones and activities),6
HS,Shared Spaces,Library Media Center,Occupant Experience,Occupant Comfort,MC-011,Are there exterior windows?,6
HS,Shared Spaces,Library Media Center,Occupant Experience,Occupant Comfort,MC-012,"Is daylight accessible through another means (e.g., an interior window shared with a space that has exterior windows)?",6
HS,Shared Spaces,Library Media Center,Occupant Experience,Occupant Comfort,MC-013,Select all that apply (exterior windows),6
HS,Shared Spaces,Library Media Center,Occupant Experience,Occupant Comfort,MC-014,What window coverings are provided on exterior windows?,6
HS,Shared Spaces,Library Media Center,Occupant Experience,Occupant Comfort,MC-024,Select one (temperature control),6
HS,Shared Spaces,Library Media Center,Occupant Experience,Safety & Supervision,MC-025,What type of visibility is provided into the space from adjacent interior spaces or circulation?,6
HS,Shared Spaces,Library Media Center,Occupant Experience,Safety & Supervision,MC-026,How much of the wall facing the adjacent interior space or circulation is made up of interior window?,0
HS,Shared Spaces,Library Media Center,Occupant Experience,Safety & Supervision,MC-027,Select all that apply (sightlines),6
HS,Shared Spaces,Library Media Center,Occupant Experience,Safety & Supervision,MC-028,Select all that apply (safety),6
HS,Outdoor,Outdoor Spaces,Amenities,Furniture & Equipment,OD-031,Select all that are present (play field features),6
HS,Outdoor,Outdoor Spaces,Amenities,Furniture & Equipment,OD-036,Select all that are present (essential outdoor studio features),6
HS,Outdoor,Outdoor Spaces,Amenities,Furniture & Equipment,OD-037,Select all that apply (additional outdoor studio features),6
HS,Outdoor,Outdoor Spaces,Amenities,Furniture & Equipment,OD-043,Select all that are present (essential produce garden features),0
HS,Outdoor,Outdoor Spaces,Amenities,Furniture & Equipment,OD-044,Select all that are present (additional produce garden features),6
HS,Outdoor,Outdoor Spaces,Amenities,Furniture & Equipment,OD-047,Select all that are present (essential habitat garden features),6
HS,Outdoor,Outdoor Spaces,Amenities,Furniture & Equipment,OD-048,Select all that are present (additional habitat garden features),6
HS,Outdoor,Outdoor Spaces,Amenities,Furniture & Equipment,OD-051,Select all that are present (essential domestic animal habitat features),6
HS,Outdoor,Outdoor Spaces,Amenities,Furniture & Equipment,OD-052,Select all that are present (additional domestic animal habitat features),6
HS,Outdoor,Outdoor Spaces,Amenities,Furniture & Equipment,OD-056,Select all that are present (essential nature trail features),6
HS,Outdoor,Outdoor Spaces,Amenities,Furniture & Equipment,OD-057,Select all that are present (additional nature trail features),6
HS,Outdoor,Outdoor Spaces,Amenities,Storage,OD-063,How sufficient is the outdoor storage for play equipment and materials?,6
HS,Outdoor,Outdoor Spaces,Function,Adjacency & Access,OD-053,"Is the habitat located in a relatively low-traffic area of the campus (i.e., adequate separation from student egress points, playground areas, produce gardens, etc.)?",6
HS,Outdoor,Outdoor Spaces,Function,Adjacency & Access,OD-061,Are the play areas easily accessible for after-hours community use?,6
HS,Outdoor,Outdoor Spaces,Function,Availability,OD-030,Is there a play field?,6
HS,Outdoor,Outdoor Spaces,Function,Availability,OD-034,Is there an outdoor studio?,6
HS,Outdoor,Outdoor Spaces,Function,Availability,OD-041,Is there a produce garden?,6
HS,Outdoor,Outdoor Spaces,Function,Availability,OD-045,Is there a habitat garden?,6
HS,Outdoor,Outdoor Spaces,Function,Availability,OD-049,Is there a domestic animal habitat?,6
HS,Outdoor,Outdoor Spaces,Function,Availability,OD-054,Is there a nature trail?,6
HS,Outdoor,Outdoor Spaces,Function,Availability,OD-058,Is there green stormwater infrastructure?,6
HS,Outdoor,Outdoor Spaces,Infrastructure,Utilities & Technology,OD-038,Select all that are present (outdoor studio technology),6
HS,Outdoor,Outdoor Spaces,Infrastructure,Utilities & Technology,OD-059,Select all that are present (essential green stormwater features),6
HS,Outdoor,Outdoor Spaces,Infrastructure,Utilities & Technology,OD-060,Select all that are present (additional green stormwater features),6
HS,Outdoor,Outdoor Spaces,Observational,Observational,OD-064,Can outdoor environments function as extensions of the educational environment? (check all that apply),0
HS,Outdoor,Outdoor Spaces,Observational,Observational,OD-065,"Students are observed utilizing the outdoor learning spaces (gardens, outdoor studios, etc.).",0
HS,Outdoor,Outdoor Spaces,Occupant Experience,Safety & Supervision,OD-033,Does the play field have site lighting to allow for safe evening use?,6
